index,leiden_0.25,leiden_0.5,leiden_1
AACAAGACAGGTCTCG-1-0,1,4,5
AATGAAGTCTAGACCA-1-0,4,7,9
AATTTCCTCGCCTTGT-1-0,4,7,9
ACGATGTAGTTCCGTA-1-0,1,0,6
ACGTACAAGAATCGAT-1-0,0,0,1
AGGACGAGTCTCAAGT-1-0,2,2,2
AGGCATTAGGCCTGAA-1-0,0,1,0
AGGGTCCTCTGCGAGC-1-0,0,1,8
AGGTAGGCACACCTAA-1-0,0,1,0
AGGTTGTGTATTCCGA-1-0,0,1,0
ATCCCTGGTCCAGTTA-1-0,1,5,4
ATGAAAGGTCCGGCAT-1-0,1,4,5
ATGACCAAGAGGTTTA-1-0,0,0,1
ATGACCAGTAGCTGTT-1-0,3,3,3
ATGAGGGAGCTTTCCC-1-0,0,1,0
ATTGTTCCACAAATAG-1-0,0,1,0
CAGTGCGAGATCCTAC-1-0,4,7,9
CATTCCGCATGACCCG-1-0,0,1,0
CCCGAAGAGATGGTCG-1-0,5,8,8
CCGTTCATCGACGCGT-1-0,5,8,8
CCTCAACGTAACACGG-1-0,0,1,0
CCTGTTGGTTCGTAAC-1-0,3,3,3
CGCGTGACATACTGAC-1-0,5,8,8
CGGAACCCATGGCCCA-1-0,1,5,4
CGGTCAGCAAAGGTTA-1-0,1,0,6
CTCACTGGTTGCTCCT-1-0,0,0,1
CTCCTTTAGGTGATCG-1-0,1,4,10
GATGACTAGGTGCTTT-1-0,5,8,8
GATGAGGCAGGAATCG-1-0,1,4,10
GATGAGGGTAATCAAG-1-0,2,2,2
GCAGGCTTCCTGTAAG-1-0,5,8,8
GCATTAGGTAGGGTAC-1-0,5,8,8
GCATTAGTCGATACAC-1-0,1,5,4
GCTACAAGTCACTAGT-1-0,1,2,6
GCTACAATCACTTGGA-1-0,2,2,2
GCTTTCGTCGATTCCC-1-0,2,2,2
GGAGAACAGTTTGGCT-1-0,4,7,9
GGAGGATTCTCTCGCA-1-0,0,0,1
GGGAGTAGTAGCTGTT-1-0,1,5,4
GGGATGAAGGTTGTTC-1-0,2,2,2
GGGTCTGGTAGAGATT-1-0,0,0,1
GGTGAAGGTGTATACC-1-0,2,2,10
GTCATCCGTGGACAGT-1-0,1,5,4
GTCATGACATTCGGGC-1-0,0,0,1
TATACCTAGATGCTTC-1-0,0,0,1
TCAAGTGAGGCAGTCA-1-0,0,9,13
TCACAAGCATCGAACT-1-0,1,2,6
TCATTCACAATAACCC-1-0,1,4,5
TCCCACACAATGGCAG-1-0,1,5,4
TCGACGGGTCCTACAA-1-0,1,5,4
TCGCTCAGTACGTACT-1-0,2,2,10
TCGTGCTCACCTAAAC-1-0,1,4,10
TGAATCGCAAATGGTA-1-0,2,2,2
TGCGATAAGACTGGGT-1-0,2,2,2
TGGATCAGTACCCGAC-1-0,0,0,1
TGTGAGTAGTGAACAT-1-0,4,7,9
TGTGTGAGTTCGGTCG-1-0,0,0,1
TTACAGGAGCTGAAAT-1-0,0,1,0
TTACGCCGTTACCCTC-1-0,2,2,2
TTAGGGTCATTCAGGT-1-0,0,0,1
TTCCGGTTCTGGACCG-1-0,0,0,1
TTCCTCTTCATGCTAG-1-0,4,7,9
TTCTGTATCTAAGAAG-1-0,0,0,1
TTGTTCAAGCGCTTCG-1-0,1,5,4
AAAGGTAAGAAATCCA-1-1,1,4,10
AAAGTGACACGACTAT-1-1,1,0,6
AACAAGATCGCTACGG-1-1,5,8,8
AACTTCTCACGTACAT-1-1,0,1,0
AAGAACACACTGGCCA-1-1,1,5,4
AATGGCTAGCGAGTCA-1-1,0,1,8
ACCACAATCTTCTGGC-1-1,1,0,6
ACGATCAGTAGACTGG-1-1,2,2,10
ACGGAAGAGAGCATCG-1-1,1,0,6
ACGGTTAGTATCAAGA-1-1,0,1,0
ACGGTTAGTATCTCGA-1-1,2,2,2
ACGTTCCGTATGGAGC-1-1,2,2,2
AGACAGGTCCAAACCA-1-1,0,1,0
AGGACGAAGCCTCTCT-1-1,0,9,13
AGTAGCTAGTCATGAA-1-1,1,0,6
AGTGACTTCCGCAGTG-1-1,0,0,1
ATATCCTTCCGATCGG-1-1,5,8,8
ATGAAAGAGGGTATAT-1-1,5,8,8
ATGCATGCAACCCTCT-1-1,0,0,1
ATTATCCGTTAGGACG-1-1,2,2,2
CAAGGGAAGTGCTAGG-1-1,0,1,0
CAATGACAGATAGCAT-1-1,0,1,0
CCCAACTGTCCGACGT-1-1,0,0,1
CCCTGATCATATGGCT-1-1,1,5,4
CCTCTCCGTGGTTTAC-1-1,3,3,3
CGGGACTCACTTGACA-1-1,0,0,1
CTCCTCCAGCCAAGCA-1-1,2,2,2
CTCTCAGAGTTGTCAC-1-1,1,4,5
GAACGTTCACTACGGC-1-1,0,0,1
GACAGCCCACGGCTAC-1-1,2,2,2
GACCAATAGGATTTAG-1-1,1,5,4
GACGTTACAAATGAAC-1-1,0,0,1
GAGAGGTAGGCATCTT-1-1,2,2,2
GAGGCAAAGAGAGGTA-1-1,1,5,4
GCAACATAGCACTAAA-1-1,0,0,1
GCGAGAATCTCCGAGG-1-1,0,1,0
GCGGAAATCGCACTCT-1-1,2,2,2
GCTCAAATCCTTCTAA-1-1,1,5,4
GGAATCTTCGCTGCGA-1-1,1,2,6
GGGAGTAGTCAATGGG-1-1,0,0,1
GGGCTCAAGTTCTACG-1-1,0,1,0
GGGTATTTCCCAAGTA-1-1,1,4,11
GTCAAGTGTTGCGTAT-1-1,1,5,4
GTCTGTCCATTCGATG-1-1,3,3,3
GTGGCGTGTACTGCGC-1-1,0,0,1
GTGTGGCAGGGTACAC-1-1,2,2,2
GTTACCCTCGAGAGAC-1-1,4,7,9
TACCCACAGTCCTGTA-1-1,0,1,0
TACCTCGAGAAGCCTG-1-1,0,1,0
TCAAGTGAGCGTTGTT-1-1,3,3,3
TCACACCAGGCGTTGA-1-1,0,1,0
TCACGCTAGAAATTGC-1-1,1,4,10
TCATGAGTCAATGCAC-1-1,0,0,1
TCGAACAAGATACTGA-1-1,0,0,1
TCGACGGAGGAGACCT-1-1,0,0,1
TCGGGTGAGTGGCCTC-1-1,2,2,2
TGATGGTTCGCAATGT-1-1,5,8,8
TGTGTGAGTTCAGCTA-1-1,2,2,10
TGTTACTCAAAGGCTG-1-1,0,0,1
TGTTGGATCAGTGTTG-1-1,0,0,1
TTTCCTCTCGCTGTTC-1-1,1,0,6
AACCTGATCATCGCAA-1-2,1,4,10
AAGACAACAAGAATGT-1-2,2,2,2
AAGACTCTCGACGATT-1-2,0,0,1
AAGCATCCAGCTGAAG-1-2,0,1,0
AATAGAGAGCGAAACC-1-2,6,10,14
AATTTCCGTATCGTAC-1-2,1,5,4
ACACCAACAGACCGCT-1-2,5,8,8
ACACGCGCAAAGGGTC-1-2,1,4,5
ACTTATCTCTTTCAGT-1-2,2,2,2
ACTTTCATCATGTCAG-1-2,1,4,5
AGAAGTACAATCCAGT-1-2,0,1,0
AGATGAAGTGGACTAG-1-2,1,2,6
AGGATAAAGTGCCTCG-1-2,0,9,13
AGGATCTAGGGACACT-1-2,0,0,1
AGGGCTCAGTTGGACG-1-2,0,0,1
AGGGTTTAGTGCTACT-1-2,0,0,1
AGTCAACAGAGTATAC-1-2,0,1,14
AGTCTCCCAGAATGTA-1-2,5,8,8
ATACCGAGTCCATAGT-1-2,0,1,0
ATCATTCCAGTCTTCC-1-2,2,2,10
ATCCACCAGGAACGTC-1-2,0,0,1
ATCCACCTCTGACGCG-1-2,1,0,6
ATCCATTGTCGCGTCA-1-2,0,0,1
ATGCGATAGGTGATCG-1-2,4,7,9
ATTCCCGGTAGCCCTG-1-2,2,2,2
ATTCTACTCATAGAGA-1-2,2,2,2
CAACGATCAGGTGAGT-1-2,0,0,1
CAATCGAAGGGAGTTC-1-2,1,4,5
CACATGATCAAGCCTA-1-2,6,10,14
CACCAAATCTCATAGG-1-2,0,0,1
CACGTGGCAAGCGCAA-1-2,5,8,8
CACTGGGCACTGTGTA-1-2,1,4,5
CAGAGCCTCTATACGG-1-2,5,8,8
CAGCAATAGTAACAGT-1-2,5,8,8
CAGCAGCGTTTCCAAG-1-2,1,4,5
CAGTTAGCATTAAGCC-1-2,0,1,1
CATCGCTAGCTTTCTT-1-2,1,4,10
CATGAGTGTACCAGAG-1-2,0,1,0
CCACGAGTCTTCGACC-1-2,1,0,6
CCCGAAGAGTAAACAC-1-2,0,0,1
CCTTCAGCAGTTTCGA-1-2,2,2,10
CGAGAAGAGGGAGGAC-1-2,0,0,1
CGAGTTAGTATGAGCG-1-2,0,0,1
CGATGGCGTATCCCTC-1-2,0,0,1
CGCATGGCATAACTCG-1-2,1,4,11
CGTAATGAGTGAGCCA-1-2,2,2,2
CGTGAATTCCCTAGGG-1-2,0,1,0
CTACGGGTCATTACCT-1-2,0,1,0
CTACGGGTCTGAATGC-1-2,2,2,2
CTCAAGACAGCAAGAC-1-2,0,1,0
CTCAATTCAGCGTATT-1-2,2,2,2
CTCAATTGTAGTCTTG-1-2,1,4,5
CTCAGTCAGAGGCGTT-1-2,2,2,10
CTCATGCTCGTGACTA-1-2,1,0,6
CTCCGATGTCAAGGCA-1-2,1,0,6
CTCTGGTAGTTTGGCT-1-2,3,3,3
CTGCGAGAGCGTGAAC-1-2,1,0,6
CTGTAGAAGTCACGAG-1-2,1,8,11
CTTCTCTCAGTACTAC-1-2,2,2,2
CTTTCGGTCCCAGCGA-1-2,6,10,14
GAAGCGACATCCGGCA-1-2,0,0,1
GAAGGGTTCCCATACC-1-2,1,4,5
GACGCTGGTTCTCGTC-1-2,2,2,10
GCACGTGCAAGCTCTA-1-2,3,3,3
GCAGCCAGTCAAAGCG-1-2,2,2,10
GCCAACGTCACATTGG-1-2,0,0,1
GGCACGTTCGAAGCCC-1-2,0,0,1
GGCGTCATCTTCCGTG-1-2,0,1,0
GTAGATCCAGAAGTGC-1-2,6,10,14
GTCCACTGTGATCGTT-1-2,0,0,1
GTGCACGCAGAAGCGT-1-2,3,3,3
GTGCGTGGTACGTGAG-1-2,0,1,0
GTGCTGGGTCTCAGGC-1-2,0,0,1
GTGGGAAAGCGCTGAA-1-2,5,8,8
GTTACCCTCGTCCTTG-1-2,0,1,0
GTTCGCTTCCACTAGA-1-2,0,1,0
TACCGAAAGGCTGTAG-1-2,2,2,2
TACCTCGAGACTTAAG-1-2,2,2,2
TACTTCAGTGGCTTAT-1-2,5,8,8
TAGCACATCTGTACAG-1-2,1,0,6
TCAATCTCATCACAGT-1-2,1,4,11
TCAGGTACACCGTCGA-1-2,0,1,0
TCCATCGCACCTCGTT-1-2,2,2,10
TCCGAAAGTTGTTGTG-1-2,2,2,2
TCGAACATCCTGGCTT-1-2,5,8,8
TCGCACTTCTTCCTAA-1-2,2,2,2
TCGGATAAGTAGATCA-1-2,2,2,10
TCGGGCATCAACGTGT-1-2,0,0,1
TCTACATTCATCTCTA-1-2,5,8,8
TCTACCGTCATTATCC-1-2,1,0,6
TGCAGTAAGCCATTCA-1-2,3,3,3
TGCATGATCCTTCTTC-1-2,1,4,5
TGCGGGTTCCGATCGG-1-2,1,0,6
TGCTTGCTCAGTGTCA-1-2,1,0,6
TGTGCGGGTCTACACA-1-2,1,4,5
TGTGGCGTCGGTATGT-1-2,5,8,8
TGTTCTACACTTGAAC-1-2,5,8,8
TTCACCGCATTCACAG-1-2,0,9,13
TTCCACGAGCCTATCA-1-2,2,2,2
TTCTAACCAATGGCCC-1-2,0,1,1
TTCTTGAAGCATATGA-1-2,5,8,8
TTGAGTGCACCTGAAT-1-2,1,4,5
TTGCATTTCGCTGTTC-1-2,0,1,0
ACTTTCAAGGATACCG-1-3,4,7,9
ATTCACTTCGGCGATC-1-3,2,6,7
CAGCAATGTTTCGCTC-1-3,3,3,3
CCAATGACAAGTATCC-1-3,3,3,3
GAGATGGCAATCGCGC-1-3,2,2,7
GCTTCACAGATAGCTA-1-3,4,7,9
GGTGGCTAGAGATGCC-1-3,4,7,9
GTGTTAGAGACTGTTC-1-3,3,3,12
TCAGGTATCTCCAAGA-1-3,2,6,7
TGTGTGACAGTTGAAA-1-3,3,3,3
AAGATAGCACTCATAG-1-4,0,0,1
AAGCCATTCCACAGGC-1-4,1,0,6
ACAAAGAGTCACATTG-1-4,2,2,2
ACACGCGCATCTCCCA-1-4,3,3,3
ACCAAACTCCCAACTC-1-4,2,2,2
ACCTGTCCATAGTCGT-1-4,0,1,0
ACGATCATCCAAGCAT-1-4,0,0,1
AGAACCTCACTCCGGA-1-4,0,0,1
AGACACTCAGTAACCT-1-4,4,7,9
AGAGCCCCACGTACAT-1-4,0,1,0
AGATAGACACTGATTG-1-4,2,2,2
AGATGAACATGGATCT-1-4,2,2,2
AGCGTATCAGCTCGGT-1-4,3,3,3
AGCGTCGCACTTCTCG-1-4,0,1,8
AGGGAGTGTGATGGCA-1-4,0,1,0
AGTGATCAGACGACGT-1-4,2,2,10
ATCATTCCAGTCGGTC-1-4,2,2,2
ATCCATTAGCGTTCAT-1-4,0,1,0
ATCTTCAGTGGATCAG-1-4,2,2,2
ATTCAGGGTGAGGCAT-1-4,1,5,4
ATTCATCCATCGCTCT-1-4,1,4,5
ATTCCCGAGCTTTCCC-1-4,0,0,1
CAACAACAGGGCTTCC-1-4,2,2,2
CAACAGTGTAAGACCG-1-4,1,0,6
CAAGACTCATTGCTGA-1-4,6,10,14
CCAAGCGTCGCGCTGA-1-4,2,2,2
CCCTAACTCGTGGCGT-1-4,0,0,1
CCCTGATGTAGGCAAC-1-4,1,0,5
CCTCACAAGGACAGCT-1-4,0,1,0
CGACAGCCACAGTCCG-1-4,2,2,10
CGAGTTAAGTCTAGCT-1-4,0,0,6
CGCGTGACACCAAAGG-1-4,0,1,0
CGGAGAAGTGTATCCA-1-4,2,2,2
CGGGTCATCTGCGTCT-1-4,1,5,4
CGTGCTTGTACTCGCG-1-4,1,0,6
CGTTGGGTCTCATTAC-1-4,0,0,1
CTAGACAAGTTGTACC-1-4,0,1,8
CTATAGGAGCAGTCTT-1-4,4,7,9
CTCTCAGTCTCACTCG-1-4,5,8,8
CTGCAGGCACGACCTG-1-4,3,3,3
GAAACCTGTAGTATAG-1-4,0,1,0
GACTCTCTCCGCATAA-1-4,1,2,6
GAGGCAACAGACACAG-1-4,4,7,9
GAGTCATGTGCTGATT-1-4,0,0,1
GATAGCTCAGTCAGAG-1-4,2,2,10
GATGACTGTCTTCATT-1-4,1,4,5
GATGAGGTCTACACAG-1-4,2,2,2
GATTGGTAGCAAGTGC-1-4,0,1,0
GATTGGTTCGGACTGC-1-4,0,1,0
GCACATAAGGCTTAAA-1-4,3,3,3
GCACGTGGTGTCTTGA-1-4,0,0,1
GCCATTCTCTCGTCAC-1-4,1,5,4
GCGGAAATCTCCTGTG-1-4,0,9,13
GCTTGGGTCTAAACGC-1-4,2,2,10
GGAGAACCATCTTTCA-1-4,4,7,9
GGGCTCAAGAACCGCA-1-4,1,0,6
GGTAATCTCTCGAGTA-1-4,2,2,2
GGTGTTACAACAAGAT-1-4,1,4,5
GTGCTTCTCCTGGGAC-1-4,0,0,1
GTGTAACTCCGAACGC-1-4,0,9,13
GTGTTCCGTTTCCCAC-1-4,2,2,2
TACCTCGAGACTCTTG-1-4,1,4,5
TACGCTCAGCTCCATA-1-4,1,4,5
TACGTCCGTTTGGCTA-1-4,1,2,6
TAGAGTCGTTCTATCT-1-4,2,2,10
TCAAGCATCAGCGCGT-1-4,4,7,9
TCAATCTCAGACAAGC-1-4,1,4,5
TCATGTTAGGCGAACT-1-4,0,0,1
TCCTCTTGTGGGATTG-1-4,1,5,4
TCGGATATCCGTCACT-1-4,2,2,10
TCTCACGTCAACTCTT-1-4,0,0,1
TCTGTCGCATCGATGT-1-4,1,4,10
TCTTAGTCAACGTATC-1-4,5,8,8
TGCAGATTCAAAGCCT-1-4,0,0,1
TGCGACGAGTGCGCTC-1-4,0,0,1
TGGGCTGTCTTGGGCG-1-4,0,0,1
TGTTCATAGTAAACGT-1-4,0,1,0
TTATTGCAGTCATGGG-1-4,2,2,2
TTCGGTCTCCCAAGCG-1-4,2,2,2
TTGAGTGTCGGCGATC-1-4,1,5,4
TTGTTCACACGTAGTT-1-4,0,0,1
TTGTTGTTCCCGTTCA-1-4,0,0,1
TTTCAGTCAGTTAGAA-1-4,0,1,8
AAAGGGCTCTCCAAGA-1-5,0,0,1
AAATGGACAGTAGGAC-1-5,1,0,6
AACACACCATTCCTAT-1-5,0,0,1
AATCGTGGTAGGCAGT-1-5,5,8,8
ACTTCGCCACGTACTA-1-5,0,0,1
AGAACAATCCGCTTAC-1-5,0,1,0
AGCATCATCGTTCTCG-1-5,2,2,2
AGCTACATCCTCGATC-1-5,1,0,6
AGGACGAAGACCTTTG-1-5,2,2,2
AGGATCTAGAGGACTC-1-5,0,0,1
AGTACCAAGAGAGTTT-1-5,2,2,10
ATCACTTTCTTGGTGA-1-5,0,0,1
ATCATTCCACTCCTGT-1-5,0,1,0
ATGAGTCTCAGCATTG-1-5,1,4,5
ATGATCGGTCCCACGA-1-5,0,1,0
CACAGATTCGGCTGAC-1-5,1,5,4
CAGGGCTTCGAGTCCG-1-5,0,0,1
CATACCCTCTAACGGT-1-5,2,2,2
CATGCGGTCCATTCAT-1-5,5,8,8
CCAAGCGAGGTACTGG-1-5,2,2,10
CCGGGTATCAAGCCGC-1-5,1,4,5
CCTTGTGGTTGCGGAA-1-5,1,4,5
CGCCAGACATGGCCCA-1-5,0,0,1
CGTGAATGTACCTGTA-1-5,3,3,3
CGTGCTTAGGACTTCT-1-5,0,0,1
CTCAAGAGTTCTTGCC-1-5,5,8,8
CTGCAGGAGCTGCCAC-1-5,0,0,1
CTTAGGACATTGCCGG-1-5,0,1,0
CTTCTCTAGATGGTCG-1-5,0,1,0
GAAGCCCAGCGACCCT-1-5,0,0,1
GAATCACAGCCATTTG-1-5,0,1,0
GAGACTTGTAGCCAGA-1-5,5,8,8
GAGGCCTCAAGACGAC-1-5,2,2,10
GAGTTTGCAGCTGTGC-1-5,1,0,6
GAGTTTGTCATACGAC-1-5,0,1,0
GCAGCCACACAATTCG-1-5,2,2,2
GCCAGCAGTATGGTTC-1-5,0,0,1
GCGGAAAAGGCACGAT-1-5,2,2,10
GGAACCCGTTTGCCGG-1-5,0,1,0
GGCACGTTCCTTTGAT-1-5,1,5,4
GGTAATCTCGGCTATA-1-5,0,1,0
GGTCACGCATGACTCA-1-5,0,1,8
GTAAGTCTCGATACTG-1-5,0,1,0
GTATTTCCACCAAATC-1-5,5,8,8
GTGAGCCTCCGTGTGG-1-5,5,8,8
GTGTTAGGTCTGTCAA-1-5,1,4,11
GTGTTCCGTGCCCAGT-1-5,0,0,1
TAAGCCAAGAAACTAC-1-5,0,1,0
TACCCACCACCGTGAC-1-5,6,10,14
TCAGCCTTCGGTTGTA-1-5,0,1,0
TCCACGTCAGTTCCAA-1-5,1,4,5
TCCTCCCTCAATCCAG-1-5,1,4,5
TCGTGGGGTCTTCGAA-1-5,1,5,4
TCTATCAGTTGGACTT-1-5,0,1,0
TGATTCTAGGTCCCTG-1-5,0,1,0
TGCTCCACATGTCGTA-1-5,0,0,1
TGGAGAGAGTCACACT-1-5,0,0,1
TGGGAGAGTGAGACCA-1-5,0,0,1
TGTAACGAGGCGCTCT-1-5,0,0,1
TGTAGACGTACATACC-1-5,0,0,1
TGTAGACTCTACGCGG-1-5,1,5,4
TGTGGCGTCTCCCTAG-1-5,2,2,2
TTACGTTAGTAGCCAG-1-5,0,0,1
TTATTGCAGTACGAGC-1-5,3,3,3
TTCACGCTCCGCCTAT-1-5,2,2,10
TTCGATTTCCATTCGC-1-5,1,4,5
TTTACCAAGATTGCGG-1-5,2,2,2
TTTGATCAGAGAGTTT-1-5,1,0,6
AAAGTCCGTTGTCAGT-1-6,3,3,3
AAATGGATCGAAACAA-1-6,0,1,0
AACAGGGGTCCCTAAA-1-6,5,8,8
AAGCATCAGCGCCCAT-1-6,0,1,0
AAGCCATCAGGTGAGT-1-6,0,1,0
AATCGTGAGGTCACAG-1-6,2,2,2
AATGACCAGTATGGCG-1-6,0,1,0
ACCCTTGGTAACATAG-1-6,5,8,8
ACCTGTCAGGTGCTAG-1-6,1,0,6
ACGTCCTAGCGTACAG-1-6,4,7,9
ACGTCCTTCCGTGTAA-1-6,1,5,4
ACTTCGCGTCCTCCAT-1-6,0,1,0
AGACAGGGTTGAGTCT-1-6,4,7,9
AGGCATTAGTAACGAT-1-6,4,7,9
AGGCCACTCAAATGCC-1-6,2,2,2
AGGGTGAGTATCTCTT-1-6,1,4,5
AGGTCATTCCACTTCG-1-6,2,2,2
AGTTCGAAGCAACAAT-1-6,2,2,2
ATGGGAGGTTGATGTC-1-6,1,5,4
ATTCCTAGTATGAGAT-1-6,5,8,8
CAAGGGACAGGCGATA-1-6,3,3,3
CACTTCGTCCATCAGA-1-6,0,0,1
CAGCAATCACCGGCTA-1-6,1,0,6
CAGCAATGTTTCGCTC-1-6,3,3,3
CAGTTCCAGAGGACTC-1-6,3,3,3
CATGCAATCTGAGGCC-1-6,0,0,1
CCACCATAGTCTGGAG-1-6,0,1,0
CCCAACTAGTGAGGCT-1-6,0,0,1
CCCGGAAAGCACAAAT-1-6,0,1,0
CCTATCGTCCTACACC-1-6,0,1,0
CCTCATGAGCGGTAGT-1-6,5,8,8
CCTCTCCAGACTTAAG-1-6,0,1,0
CCTTCAGTCGGCATTA-1-6,5,8,8
CGACAGCTCTAAGCCA-1-6,4,7,9
CGAGTTACAGAGGAAA-1-6,1,0,6
CGATGGCGTTACACTG-1-6,3,3,3
CGGACACGTGGTCTGC-1-6,1,5,4
CGTGAATTCTCGACCT-1-6,0,0,1
CTACCTGGTCTCCTGT-1-6,0,1,0
CTACGGGAGACCAGCA-1-6,1,4,5
CTCAGAAGTAGTGGCA-1-6,0,1,0
CTCCGATCAAGTGATA-1-6,2,2,2
CTGCTCACAGACCAAG-1-6,5,8,8
GAAGGACGTTAACCTG-1-6,1,0,6
GAAGGGTAGGCACGAT-1-6,0,1,0
GACCAATAGCCAAGTG-1-6,1,0,6
GACGTTATCACGTCCT-1-6,3,3,3
GAGACCCAGTGGTTGG-1-6,2,2,2
GAGACTTTCAGTCCGG-1-6,5,8,8
GAGAGGTTCAACGCTA-1-6,2,2,2
GAGGCAAAGTGTTGAA-1-6,0,0,1
GATCACATCGAGAGAC-1-6,2,2,2
GCATCGGAGGTAAACT-1-6,0,1,0
GCCATTCTCTTCGATT-1-6,2,2,2
GCTGAATTCCAAATGC-1-6,5,8,8
GCTGGGTCATAGATGA-1-6,2,2,2
GGACGTCGTGGCTGCT-1-6,0,1,0
GGATCTACAGTCAACT-1-6,2,2,2
GGTAATCGTCGAAACG-1-6,5,8,8
GGTAATCGTTTCACTT-1-6,1,5,4
GTAATCGTCTCGTCGT-1-6,3,3,3
GTAGCTACAGAGAGGG-1-6,0,0,1
GTGGTTACACTCATAG-1-6,0,0,1
GTTACCCCAGTGAGCA-1-6,0,0,1
GTTAGTGAGTCCCTAA-1-6,0,1,0
TACGGTATCGTTCTAT-1-6,1,8,11
TAGAGTCTCGCTAATG-1-6,1,5,4
TAGGTTGCATTCCTCG-1-6,4,7,9
TCATGAGCACCGTGGT-1-6,0,1,0
TCATTACAGACATAAC-1-6,0,1,0
TCTATCATCCCTTTGG-1-6,0,1,1
TCTCACGCATCCTCAC-1-6,4,7,9
TCTCTGGTCGCTTGCT-1-6,2,2,2
TCTTAGTTCAGGACGA-1-6,2,2,2
TGCTGAAAGAACTTCC-1-6,2,2,2
TGCTTGCCAAGGAGTC-1-6,1,0,6
TGGAACTGTCACAGAG-1-6,1,0,6
TGGGATTGTAACTGCT-1-6,1,4,11
TGGGCGTAGGTCGTCC-1-6,0,1,1
TGGGTTACATTGCCTC-1-6,0,1,0
TTACAGGAGTCGTCTA-1-6,1,0,6
TTCATGTGTAGCGCTC-1-6,4,7,9
TTCGCTGTCTACTTCA-1-6,0,0,1
TTGTTTGCATACAGCT-1-6,5,8,8
TTTCACATCCACCTGT-1-6,1,4,5
ACTTTCAAGGATACCG-1-7,3,3,3
GATGGAGGTACAGTAA-1-7,4,7,9
GCTTCACAGATAGCTA-1-7,3,3,3
GGTGGCTAGAGATGCC-1-7,3,3,3
TTACGCCGTCGGAAAC-1-7,3,3,3
ACTATCTAGACGAGCT-1-8,0,0,1
AGCCAATTCACCTCGT-1-8,0,1,0
AGGATCTCATGGCTAT-1-8,2,2,10
ATCATTCTCTCACGAA-1-8,4,7,9
ATCCGTCAGCAGGCTA-1-8,0,1,0
ATGGAGGCATACAGCT-1-8,5,8,8
ATTCATCAGGTAAACT-1-8,0,0,1
ATTCCTAGTGAATAAC-1-8,1,5,4
CAAGAGGGTGAGTGAC-1-8,1,4,5
CATCGCTTCTTCGGTC-1-8,0,0,6
CCTAACCCACGTCGGT-1-8,1,0,6
CCTTCAGTCGACGACC-1-8,1,4,5
CGAGTGCAGGGCGAAG-1-8,0,1,0
CTAAGTGCACCTTCCA-1-8,0,1,0
CTCACTGTCTGTGTGA-1-8,0,1,0
CTGCGAGAGACGGAAA-1-8,1,2,6
CTGGTCTGTTAGGGTG-1-8,0,1,0
CTGTATTAGCGATGAC-1-8,1,4,5
GAAGCGAGTGACGCCT-1-8,4,7,9
GCTGCAGTCCTCCACA-1-8,0,0,1
GCTTGGGGTACCTGTA-1-8,1,5,4
GGAGATGGTCCGGCAT-1-8,2,2,10
GGAGCAATCGAGTTGT-1-8,2,2,2
GTAATGCAGTAAACAC-1-8,0,0,1
GTATTTCGTGGATTTC-1-8,5,8,8
GTGGTTATCTCCGATC-1-8,0,1,0
TACCTCGGTGACTCTA-1-8,4,7,9
TACTTACCACGAAAGC-1-8,1,0,6
TAGGTTGAGTTAACGA-1-8,1,4,5
TATGTTCCATGTGGTT-1-8,0,1,0
TCACTCGAGCGCGTTC-1-8,3,3,3
TGAGTCAGTGTACAGG-1-8,4,7,9
TGCGGGTAGTGCTCAT-1-8,2,2,2
TGTTCATGTTGCATTG-1-8,0,0,1
TTATTGCAGACTGGGT-1-8,2,2,2
TTCAATCAGCTCCATA-1-8,4,7,9
TTCCTAAGTTAGCGGA-1-8,0,1,0
TTGCGTCCAGGTGACA-1-8,0,1,0
TTGTTTGGTTGTTGAC-1-8,0,0,1
TTTCAGTCAGTGAGCA-1-8,5,8,8
TTTGTTGAGGTCATCT-1-8,1,0,6
AAAGGGCCAGGTGTTT-1-9,0,0,1
AAGATAGTCCATCTGC-1-9,0,1,0
AAGGAATCAATAGTCC-1-9,0,0,6
AAGTCGTCAGTCCGTG-1-9,0,0,1
AATTTCCAGAGAAGGT-1-9,0,1,0
ACACGCGCAGCACCCA-1-9,2,2,2
ACGATCAGTATATGGA-1-9,4,7,9
ACGGGTCTCCACGTGG-1-9,0,0,1
ACTTTCAAGGATACCG-1-9,3,3,3
AGACTCAGTAGCTCGC-1-9,0,1,0
AGAGAATCAAAGCTCT-1-9,0,0,6
AGAGAATGTATGAGCG-1-9,2,2,10
AGCCAATTCGGAGATG-1-9,0,1,0
AGCGTCGAGGTACCTT-1-9,1,0,6
AGGACGACACATTGTG-1-9,1,4,5
AGGGCCTGTGCAACAG-1-9,0,0,6
AGTCTCCCATAGATGA-1-9,0,0,1
AGTGATCTCAAATGAG-1-9,0,9,13
ATCCTATTCTTACCAT-1-9,1,0,6
ATCGGATAGCCTTCTC-1-9,1,0,6
ATGTCCCCAAGGACAC-1-9,0,1,0
ATTACTCTCCGAGGCT-1-9,0,1,0
ATTCACTTCGGCGATC-1-9,3,3,3
CAAGGGACACAGTCGC-1-9,4,7,9
CAAGGGATCCATCACC-1-9,2,2,10
CATACAGAGCGATTCT-1-9,0,0,1
CATGAGTGTGTAAACA-1-9,0,1,0
CCCTTAGTCCGATAAC-1-9,0,0,1
CGATCGGGTCCATAGT-1-9,0,1,0
CGATGCGTCCGGCAGT-1-9,1,4,5
CGGACACAGTACTGTC-1-9,0,1,0
CTACTATAGCTTCGTA-1-9,2,2,10
CTACTATGTTCAACGT-1-9,0,1,0
CTCAAGATCCAACACA-1-9,0,1,0
CTTCAATGTGCTATTG-1-9,0,1,0
GAAATGATCCCTATTA-1-9,0,0,1
GACGCTGAGGACACTG-1-9,3,3,3
GAGGGATAGTAGTGCG-1-9,0,1,0
GCAGTTAGTGGGTATG-1-9,0,0,1
GCGGATCAGTGAGGTC-1-9,0,0,1
GCTTCACAGATAGCTA-1-9,3,3,3
GGAACCCAGTAAACAC-1-9,1,0,6
GGCTTTCAGCTCGAAG-1-9,5,8,8
GGCTTTCCAACAGCCC-1-9,1,4,10
GGTGGCTAGAGATGCC-1-9,3,3,3
GTAAGTCCACCTGAAT-1-9,0,0,1
GTAATGCGTTCCGCTT-1-9,0,0,1
GTGTAACCAAAGGCAC-1-9,0,0,1
GTGTCCTAGTTGTCAC-1-9,4,7,9
TACCGGGGTCAAACGG-1-9,1,4,10
TATCGCCTCCCGGTAG-1-9,0,1,0
TCTTAGTTCGCAGTTA-1-9,1,0,6
TGATGGTTCCGTATGA-1-9,3,3,3
TTCCTTCAGCCTGTGC-1-9,0,0,1
AAAGGATTCTGAGAGG-1-10,1,5,4
AACCATGCAGAGATTA-1-10,2,2,2
AACCTGACAGTGTGCC-1-10,2,2,2
AATAGAGTCGATGGAG-1-10,4,7,9
AATGAAGAGGCACAAC-1-10,1,4,5
ACACTGAGTCACGTGC-1-10,0,0,1
ACCCTCACAGTGCGCT-1-10,1,5,4
ACTTCCGGTCACAGTT-1-10,2,2,2
AGACACTAGGACTATA-1-10,1,4,5
AGACCCGCACAAATAG-1-10,0,1,0
AGCCACGGTTAACAGA-1-10,2,2,2
AGGAGGTTCAGCTTGA-1-10,1,0,6
ATATCCTTCAGACCGC-1-10,0,1,0
ATTGGGTAGCATCAGG-1-10,0,1,0
CATCCACCACAGAGCA-1-10,1,5,4
CCTGTTGGTTGCCGAC-1-10,1,5,4
CGTCAAACACAGCCAC-1-10,0,1,0
CTAGACAGTGTCTTGA-1-10,0,1,0
CTCATTATCGACGCTG-1-10,0,1,0
CTGATCCCAAACGTGG-1-10,3,3,3
CTGCCATTCGTTCATT-1-10,1,4,5
CTGCCTACATGGCTGC-1-10,0,1,0
CTGCTCAGTGTATCCA-1-10,2,2,2
GAGTTTGGTCCAAATC-1-10,0,0,1
GCACGTGCACAACGTT-1-10,1,5,4
GGCAGTCAGGCCCGTT-1-10,1,4,10
GGGCCATGTTAACCTG-1-10,0,1,0
GGGTTATAGATGCAGC-1-10,5,8,8
GGTGTTAAGTGCCAGA-1-10,1,4,10
GTAACCAGTACAACGG-1-10,0,0,1
GTAGAAACACACACTA-1-10,0,0,6
GTAGGTTTCTGGCCAG-1-10,0,0,1
TAACCAGGTCTACGTA-1-10,1,4,10
TCAGGGCGTCATTCCC-1-10,0,0,1
TCAGTTTGTTTGCCGG-1-10,0,1,0
TCTACATTCGAAGCCC-1-10,2,2,2
TCTTCCTGTTGTCTAG-1-10,0,1,0
TGACGCGGTTCAATCG-1-10,5,8,8
TGAGACTTCACCGACG-1-10,1,0,6
TGGAACTAGTGTACCT-1-10,1,5,4
TGGAGGAAGCTTACGT-1-10,4,7,9
TGGATCATCTGGACTA-1-10,0,1,0
TGGGATTGTTACGCCG-1-10,0,1,0
TTAGGGTAGATGGGCT-1-10,0,1,0
TTGTGTTCAAACTCTG-1-10,0,0,1
AAACGAACACGACGAA-1-11,2,2,2
AAAGTCCGTTGTCAGT-1-11,2,6,7
AACAACCAGTATGTAG-1-11,3,3,3
AATCACGGTCTCACAA-1-11,3,3,3
AATGCCATCGGTAAGG-1-11,2,6,7
ACACTGACACTCCGAG-1-11,3,3,3
ACTTTCAAGGATACCG-1-11,3,3,3
ATCACGATCCTCTTTC-1-11,2,6,7
ATTCACTTCGGCGATC-1-11,3,3,3
ATTGTTCGTCTCGCGA-1-11,3,3,3
CAGCAATGTTTCGCTC-1-11,2,6,7
CGAGTGCTCATCGGGC-1-11,3,3,3
CGATGGCGTTACACTG-1-11,4,7,9
CTGAGCGCAACTCCCT-1-11,3,3,3
GAAACCTTCACCTTGC-1-11,2,2,2
GAAGCGAAGTATGAGT-1-11,4,7,9
GACGTTATCACGTCCT-1-11,4,7,9
GAGATGGCAATCGCGC-1-11,3,3,3
GCTTCACAGATAGCTA-1-11,3,3,3
GGTGGCTAGAGATGCC-1-11,3,3,3
GTGCGTGGTAAGATTG-1-11,3,3,12
TCAGGTATCTCCAAGA-1-11,3,3,3
TCATCCGTCCCTATTA-1-11,3,3,3
TCGGTCTAGCTAGCCC-1-11,3,3,3
TGTTGAGGTCCTCATC-1-11,2,6,7
TTCACCGAGGACCCAA-1-11,3,3,3
TTGTTCAGTATGACAA-1-11,2,6,7
TTTCCTCTCCACCTGT-1-11,3,3,3
ACACGCGTCTACAGGT-1-12,0,0,1
AGCGTATTCCGTAGTA-1-12,0,1,0
AGGCTGCGTGGAAATT-1-12,1,4,10
AGTTCCCGTAGCACAG-1-12,1,5,4
ATCACGAAGCCGCACT-1-12,0,1,0
CAACCTCCAATAGTAG-1-12,1,0,6
CAACCTCTCGACCATA-1-12,0,9,13
CATTGCCCAAGCACAG-1-12,1,4,5
CCGTTCAAGTAAAGCT-1-12,0,0,1
CCTACGTGTTTACACG-1-12,0,1,0
CCTTTGGCAACTGAAA-1-12,0,0,6
CTGGTCTGTTCGTGCG-1-12,1,0,6
CTTGATTCACTACTTT-1-12,0,0,1
CTTGATTTCAGAGTTC-1-12,0,0,6
GATCATGCACGAAGAC-1-12,0,9,13
GCCGATGGTCAAGCCC-1-12,2,2,10
GCTTCACAGATAGCTA-1-12,3,3,3
GGTGGCTAGAGATGCC-1-12,3,3,3
GTGTAACTCCTACGAA-1-12,0,0,1
GTGTTCCTCTTGTGCC-1-12,2,2,2
GTTAGTGTCGGACTGC-1-12,1,5,4
GTTCCGTCATACACCA-1-12,1,0,6
TAACGACCATCGCCTT-1-12,0,9,13
TCAGGTATCGCAATGT-1-12,0,1,0
TCATTGTTCTACTATC-1-12,2,2,2
TGACGCGAGTGGTGGT-1-12,0,0,1
TGAGTCACATCCGTTC-1-12,0,0,1
TTACCGCCACCTGCAG-1-12,0,0,1
TTCTAGTAGTCATAGA-1-12,0,1,0
AAGTCGTCAGTGCCTG-1-13,0,1,0
AAGTGAACAATTGTGC-1-13,0,0,6
AATGGAATCACATTGG-1-13,0,1,0
ACATCCCGTTGGGTAG-1-13,2,2,2
ACGGGTCTCCACCCTA-1-13,1,5,4
ACTATTCCAGTCAGAG-1-13,2,2,2
ACTTAGGGTTGCGTAT-1-13,0,1,0
AGAAATGTCGAGCCTG-1-13,0,1,0
AGAGAGCTCCTTATGT-1-13,4,7,9
AGGACGAAGACGAAGA-1-13,0,0,1
AGGTCATTCTCTCGCA-1-13,0,1,0
AGGTGTTCAGTTGTTG-1-13,1,0,6
ATCGTAGTCCGAAATC-1-13,0,0,1
ATTCTACGTCCGGTCA-1-13,0,1,0
CAGAGCCCAGGTTTAC-1-13,4,7,9
CAGCAGCTCTCTCCGA-1-13,2,2,2
CAGCCAGTCCTGTTAT-1-13,0,1,0
CAGTGCGCACATATCG-1-13,2,2,2
CCATAAGAGACTCTTG-1-13,1,4,10
CCCTGATAGCCTTGAT-1-13,0,0,1
CCTTGTGCATTGGATC-1-13,0,0,1
CTCAATTCAATGAACA-1-13,0,9,13
CTCATTATCTGCTGAA-1-13,0,1,0
CTCCCAAAGATGAATC-1-13,0,9,13
CTCTGGTCAAGAAATC-1-13,1,4,11
CTGCAGGTCGTGGTAT-1-13,2,2,2
CTGCGAGAGATTGACA-1-13,0,0,1
GACCAATGTGGTCTAT-1-13,0,1,0
GAGTTGTAGTGAGGTC-1-13,1,4,5
GATGTTGAGTTGCGAG-1-13,2,2,2
GCCTGTTTCTTGAACG-1-13,0,0,1
GGAGAACAGTCATTGC-1-13,0,1,0
GGCAGTCCAAACTAAG-1-13,2,2,2
GGTAACTTCAAGCCGC-1-13,1,0,6
GTACAGTAGCGGGTTA-1-13,0,0,1
GTCATCCGTGTTTACG-1-13,2,2,2
GTCATCCTCGTAATGC-1-13,0,0,1
GTCATGAGTATGAGCG-1-13,2,2,2
GTTACCCGTATCTCTT-1-13,1,0,6
TAGTGCAAGGATGCGT-1-13,1,5,4
TCACACCGTTCTCACC-1-13,1,4,5
TCACTCGTCACTGTCC-1-13,1,4,5
TCCGAAATCTACACAG-1-13,0,1,0
TCGTAGATCGCTGCGA-1-13,0,0,1
TCGTCCACATGGCTGC-1-13,0,0,1
TGTACAGAGATAGCTA-1-13,1,5,4
TTACCATGTGATGGCA-1-13,0,1,0
TTGCGTCCATACGCAT-1-13,1,4,5
TTTACTGAGACCATTC-1-13,0,0,1
AACCTGAGTATTCCTT-1-14,1,5,4
AAGAACATCGTGACTA-1-14,1,4,5
AAGGAATAGAACTCCT-1-14,1,0,6
AATGAAGTCTTCCCAG-1-14,1,4,5
AATTCCTGTTTGTTGG-1-14,0,1,0
ACTCTCGAGCTGAAAT-1-14,4,7,9
AGAGCAGTCGACACTA-1-14,0,1,1
AGGGCTCAGGTACAAT-1-14,1,0,6
ATTTACCAGATACCAA-1-14,1,4,5
CACTGTCAGGAGAATG-1-14,0,1,0
CAGCGTGTCTAGACCA-1-14,1,4,10
CATAGACAGCTCCCTT-1-14,0,1,0
CCATAAGCACTTGACA-1-14,1,5,4
CCTCTCCAGTGGCGAT-1-14,1,5,11
CGACAGCGTACGGTTT-1-14,2,2,2
CGAGAAGAGTAAGAGG-1-14,0,0,1
CGGGTCAGTGTTGCCG-1-14,0,1,0
CGTCAAATCATTCACT-1-14,1,0,6
CTAACCCGTCAGGTGA-1-14,0,0,1
CTACATTAGTCGAGGT-1-14,2,2,10
CTACTATAGTAAGCAT-1-14,1,0,6
GAACGTTGTGGTTCTA-1-14,0,0,1
GACAGCCGTATAATGG-1-14,0,1,1
GAGTTTGTCCTTTAGT-1-14,1,0,6
GCAGGCTGTTGCACGC-1-14,0,1,0
GGAGATGTCATCGGGC-1-14,1,4,5
GGGCCATAGAAATCCA-1-14,1,0,6
GTGTGGCAGCCTCTCT-1-14,2,2,2
TACCTGCTCTCTCCGA-1-14,0,1,0
TCTACATCAGATAAAC-1-14,5,8,8
TCTATCATCACGAGGA-1-14,0,1,0
TGCCGAGCAGGAATAT-1-14,4,7,9
TTCCACGGTACTCAAC-1-14,3,3,3
TTTCACACAGCGAGTA-1-14,1,4,10
GCTTCACAGATAGCTA-1-15,3,3,3
AACAAAGGTCACAGTT-1-16,2,2,7
AACAACCGTAAGGCCA-1-16,0,1,0
AACAGGGAGGACTAAT-1-16,0,1,0
ATGATCGAGATACCAA-1-16,0,0,6
CACGGGTAGGGCCAAT-1-16,2,2,10
CAGCAATTCTATTGTC-1-16,0,1,0
CTACTATCAAGTGACG-1-16,1,4,5
CTCAATTGTGAACGGT-1-16,1,0,6
CTCACTGAGCGCTGCT-1-16,1,5,4
CTCCGATCAGCTGAGA-1-16,0,1,0
CTCTGGTTCCACAGGC-1-16,0,1,0
GAATAGATCCATTTCA-1-16,2,2,2
GCAACATCATGCTGCG-1-16,4,7,9
GCCTGTTCAATAGTCC-1-16,0,1,0
GGAATCTGTTCATCGA-1-16,4,7,9
GGTAACTCAAATGATG-1-16,0,0,6
GGTGATTAGGACACTG-1-16,0,1,0
GTACAGTCAAATCCCA-1-16,0,1,0
TAGGGTTGTATCGAGG-1-16,3,3,3
TCACGGGCACAACGTT-1-16,0,1,0
TCAGCCTAGCACCAGA-1-16,1,0,6
TCTGCCAGTCGTTTCC-1-16,4,7,9
TGAACGTTCCGCTTAC-1-16,1,0,6
TGCTTCGTCAACGCTA-1-16,2,2,2
TGGTACAGTCGCAACC-1-16,0,0,1
TTCCGTGAGAGAGAAC-1-16,0,1,0
TTGAACGGTTCGGTTA-1-16,0,1,0
TTGACCCGTAGCTGAG-1-16,0,0,1
AAAGGTATCAGAATAG-1-17,5,8,8
AACTTCTTCAGGGTAG-1-17,0,9,13
AAGACTCTCTGTTCAT-1-17,1,0,6
AAGCGAGTCTCTCAAT-1-17,1,5,4
ACAAGCTCAATGTGGG-1-17,5,8,8
ACCAAACAGGTAGTAT-1-17,5,8,8
ACCATTTGTCTCCCTA-1-17,0,0,1
ACGGTTAGTGTACATC-1-17,5,8,8
ACTATCTTCGTGCTCT-1-17,0,1,8
ACTTCGCAGATTACCC-1-17,4,7,9
ACTTTGTTCTCTGGTC-1-17,1,5,4
AGAGAATTCTTCGACC-1-17,5,8,8
AGGGAGTGTTCTCCCA-1-17,0,0,1
AGGGCTCCAGTGTATC-1-17,1,4,5
AGGTGTTAGAATCGCG-1-17,1,5,4
AGTCAACTCTCATAGG-1-17,0,1,0
AGTCACATCCCATGGG-1-17,1,4,5
AGTTAGCGTCATGCAT-1-17,0,0,1
ATCATTCCACAGCATT-1-17,0,1,0
ATGAGGGCACTATGTG-1-17,0,0,1
ATGATCGGTCTCAGAT-1-17,1,5,4
ATGTCCCTCTGTGTGA-1-17,1,4,5
CAAAGAAAGTCGAAGC-1-17,6,10,14
CAAGCTACACGGCGTT-1-17,0,0,1
CACAACACATTGTCGA-1-17,0,0,6
CAGCAGCCACGTAACT-1-17,2,2,2
CAGGCCACAAGTTGGG-1-17,1,4,5
CATAGACTCCCGTTCA-1-17,0,9,13
CATCGTCGTCGATTCA-1-17,1,4,5
CATTCTAAGCCTTGAT-1-17,0,1,0
CCCAACTCACTGCTTC-1-17,1,2,6
CCGAACGAGACATATG-1-17,0,1,0
CCGTAGGGTAACTGCT-1-17,5,8,8
CCTAACCGTAGTCGTT-1-17,0,1,0
CCTATCGCATACAGAA-1-17,1,4,10
CCTCATGGTGTGAGCA-1-17,1,5,4
CCTCCTCCAGACAAGC-1-17,0,0,1
CCTCTAGAGGTGGGTT-1-17,2,2,10
CCTGTTGTCGCACTCT-1-17,2,2,2
CCTTCAGGTAAGCAAT-1-17,4,7,9
CGAGTGCCACGTTCGG-1-17,1,5,4
CGCAGGTGTATGAAAC-1-17,0,0,6
CGCCATTCATAATGAG-1-17,1,5,4
CGGAATTAGGTAAGTT-1-17,0,0,1
CTAAGTGTCCTATTTG-1-17,5,8,8
CTATCCGCAAACCACT-1-17,3,3,3
CTCAGAAGTACTGGGA-1-17,0,1,0
CTCATCGAGCACTCTA-1-17,0,1,8
CTCCCAATCCTTATGT-1-17,0,1,8
CTTCGGTTCACATCAG-1-17,0,1,0
CTTGAGAGTCATAAAG-1-17,2,2,10
GAAGTAACAGGCTATT-1-17,5,8,8
GACCAATGTATCGTGT-1-17,5,8,8
GAGAAATCATGGCGCT-1-17,1,4,5
GCGATCGAGCAATAGT-1-17,0,0,1
GCTGCAGTCGTACACA-1-17,4,7,9
GGCTGTGGTCGTATTG-1-17,0,0,1
GGCTGTGTCGGATTAC-1-17,1,0,6
GGTCACGAGTGCCTCG-1-17,0,0,1
GGTGGCTAGTAGTGCG-1-17,1,4,5
GTAACCAAGGGTTGCA-1-17,0,0,1
GTCTGTCTCACCTCTG-1-17,5,8,8
GTGACGCTCGACATCA-1-17,1,4,5
GTGCGTGGTACAAGCG-1-17,0,1,0
GTGTAACCAGCGACCT-1-17,2,2,2
GTTGCGGGTCTTTCAT-1-17,0,1,0
GTTGCTCGTATGATCC-1-17,1,5,4
GTTGTAGCATTCAGCA-1-17,1,5,4
GTTTACTAGATACATG-1-17,0,1,0
TAAGTCGAGGCATCAG-1-17,5,8,8
TATGTTCCAGAGGGTT-1-17,2,2,10
TCAGGGCGTACTCAAC-1-17,0,1,0
TCATTCAAGCTAGCCC-1-17,5,8,8
TCCCATGGTTGGGCCT-1-17,0,0,1
TCCTCCCTCACTTATC-1-17,5,8,8
TCCTCTTCAATTCACG-1-17,0,0,1
TCGTAGATCCCATTCG-1-17,5,8,8
TCTAACTGTCGTTGGC-1-17,1,4,10
TCTACCGAGCCGCACT-1-17,1,0,6
TGAATCGCAATACGAA-1-17,1,5,4
TGAATGCCATATAGCC-1-17,5,8,8
TGTAACGCATCAGTGT-1-17,1,4,5
TGTAAGCGTCGCAACC-1-17,1,4,5
TGTACAGTCCGCTTAC-1-17,5,8,8
TGTAGACAGGGTTGCA-1-17,1,4,10
TTCCGTGGTCTCTCAC-1-17,1,4,5
TTGTGGATCGAAACAA-1-17,0,0,1
TTTACCATCTGCCTGT-1-17,0,0,1
AAACCCAAGATAGTGT-1-18,0,1,0
AAACGCTAGTAAGACT-1-18,0,0,1
AACCATGCAGAGTGTG-1-18,0,0,1
AAGTTCGCAAACCGGA-1-18,5,8,8
AATGACCGTAAGCAAT-1-18,0,1,0
ACATCGAGTGGAACCA-1-18,0,0,1
ACCATTTCACAAAGTA-1-18,0,1,0
ACGTAGTCAATTGTGC-1-18,0,1,0
ACGTCCTGTCAGGTAG-1-18,0,1,8
AGACACTAGCAGGCAT-1-18,4,7,9
AGAGCAGAGATGAACT-1-18,0,1,0
AGCCAGCAGGGTGAAA-1-18,2,2,2
AGCGCTGAGATCCCGC-1-18,0,0,1
AGGAAATTCATTGGTG-1-18,0,1,0
AGGGTTTGTATTGACC-1-18,1,5,4
AGGTAGGTCGTAACCA-1-18,0,0,1
AGGTGTTCATTCAGGT-1-18,0,0,1
AGTACCACAGCTAACT-1-18,0,1,0
AGTAGCTAGGCGACAT-1-18,0,1,0
AGTAGTCTCCGAGCTG-1-18,3,3,3
AGTCTCCAGCCTGCCA-1-18,0,1,0
AGTGACTAGCCTCTGG-1-18,0,0,1
AGTGATCGTTGAGGAC-1-18,1,4,10
AGTTCCCAGGACAGTC-1-18,1,4,10
AGTTCGACAGTTAGGG-1-18,0,0,1
ATCGTAGTCTGAGGTT-1-18,1,4,5
ATGGATCAGGTTATAG-1-18,2,2,2
CAACAGTGTTGCTCCT-1-18,0,1,0
CAAGACTAGATACATG-1-18,0,0,1
CACGGGTCAATTGCTG-1-18,1,4,5
CACTGGGCACCAGTAT-1-18,1,4,5
CATACCCAGCCGATTT-1-18,0,1,0
CATCCCATCCGTTTCG-1-18,0,0,1
CCCTTAGCAGGCAATG-1-18,2,2,2
CCCTTAGGTCATCCCT-1-18,1,0,6
CCGTGAGAGGTCATTC-1-18,1,4,5
CGGAATTAGTATGTAG-1-18,2,2,2
CGGAGAAGTACTGTTG-1-18,1,4,5
CGGCAGTCAAGCCATT-1-18,0,0,1
CGGGCATGTCCGAAGA-1-18,0,1,0
CGGGCATTCTTGCAAG-1-18,0,1,0
CGTGAATCAAATGGAT-1-18,0,1,0
CTATCCGGTGCGTTTA-1-18,0,1,0
CTCATTACAGACCAGA-1-18,1,4,5
CTCCCTCGTTCTCGCT-1-18,1,5,4
CTGATCCCATGGTGGA-1-18,0,1,0
CTGGTCTAGGCTGTAG-1-18,2,2,2
CTGTCGTCACACACGC-1-18,0,0,1
CTGTGGGTCTGTCAGA-1-18,0,0,1
GAATAGAGTGGAATGC-1-18,2,2,2
GCATCTCGTCTGTAAC-1-18,0,1,0
GCATGATTCGTTATCT-1-18,0,1,0
GCCAGCAGTGTTAACC-1-18,1,5,11
GCTGAATAGAAGCTCG-1-18,1,0,6
GGATGTTCATGGAGAC-1-18,2,2,2
GGGATCCGTTAGGGAC-1-18,2,2,2
GGGTAGAGTCTAACGT-1-18,0,1,0
GGTCTGGTCTGTGCAA-1-18,0,0,1
GTCCCATCACCCTCTA-1-18,5,8,8
GTGAGCCGTAGTCGGA-1-18,0,1,0
GTGTAACCATCGGAAG-1-18,0,0,1
GTGTTCCTCGACACCG-1-18,0,1,0
TACAGGTAGGTGATAT-1-18,5,8,8
TACCTCGAGGCGACAT-1-18,0,1,0
TACTTGTTCTGCCTGT-1-18,5,8,8
TAGACCATCCAACACA-1-18,1,0,6
TAGACTGAGGACACTG-1-18,0,1,0
TATCTTGGTGAATTAG-1-18,0,0,1
TCACTATAGCAGCACA-1-18,1,0,6
TCACTATGTACCACGC-1-18,0,0,1
TCATCCGAGATGTTCC-1-18,0,0,1
TCCATCGGTTCGTACA-1-18,0,0,1
TCGAACAGTTTCTATC-1-18,0,0,1
TCGTCCATCACTTCTA-1-18,0,1,0
TGCAGTAAGCCTGCCA-1-18,0,1,0
TGCATGACAGAACCGA-1-18,0,0,1
TGCGACGAGACAGTCG-1-18,2,4,10
TGTGAGTGTCGGCCTA-1-18,1,4,5
TTAGGGTTCCTAGCGG-1-18,1,5,4
TTCGCTGCAAGCGAAC-1-18,0,1,0
TTGTTTGTCGAGTCTA-1-18,1,0,6
TTTACTGTCAAAGGAT-1-18,0,0,1
TTTCATGTCGGTCAGC-1-18,0,0,1
AAACCCAGTCGTACTA-1-19,4,7,9
AAACGCTCAATTTCTC-1-19,3,3,3
AAAGGATGTGATTCAC-1-19,3,3,12
AAAGGGCGTCTTCTAT-1-19,3,3,3
AAAGTGATCTCTCTAA-1-19,3,3,3
AACACACAGCCGATCC-1-19,4,7,9
AACCAACTCGGTGTTA-1-19,4,7,9
AACCACAGTACCATAC-1-19,2,6,7
AACTTCTCAGTTCCAA-1-19,2,6,7
AAGATAGCACGACGAA-1-19,3,3,3
AAGTTCGGTATGGTAA-1-19,3,3,3
AAGTTCGGTTGTAAAG-1-19,2,6,7
AATCACGAGGAGGGTG-1-19,4,7,9
AATCACGCACACCTTC-1-19,3,3,3
ACAAAGAGTCGCGGTT-1-19,3,3,3
ACACCAAGTAGTAAGT-1-19,1,5,4
ACAGAAACAACCTATG-1-19,3,3,3
ACAGAAACAGGCACTC-1-19,3,3,3
ACAGCCGCACCTGAAT-1-19,4,7,9
ACAGCCGGTTCGGTAT-1-19,4,7,9
ACAGGGAAGCATATGA-1-19,2,6,7
ACCAAACGTCTGCCTT-1-19,2,6,7
ACCCAAAAGTGCGTCC-1-19,2,6,7
ACCCTCAGTCCTCCTA-1-19,3,3,3
ACCCTCATCTACGCAA-1-19,2,6,7
ACGGAAGGTCACTGAT-1-19,3,3,3
ACGTAACTCAAATGAG-1-19,4,7,9
ACGTAACTCACTCGAA-1-19,4,7,9
ACTATCTAGGTCACTT-1-19,5,8,8
ACTATGGGTCCCGGTA-1-19,2,2,2
ACTCTCGCAAGGTTGG-1-19,3,3,3
ACTCTCGTCCGACAGC-1-19,2,6,7
ACTGTCCGTAGCCAGA-1-19,2,6,7
ACTTAGGGTCGTTGCG-1-19,1,0,6
ACTTATCGTCAGGTAG-1-19,3,3,12
ACTTTCAAGGATACCG-1-19,3,3,3
ACTTTCACATACTGAC-1-19,2,6,7
AGAAATGAGGGCTAAC-1-19,3,3,3
AGAAGTAGTCGGTACC-1-19,3,3,3
AGACAGGAGATGTAGT-1-19,4,7,9
AGAGAGCCACACCGCA-1-19,4,7,9
AGAGCAGAGCATGAAT-1-19,3,3,3
AGAGCCCGTATCGATC-1-19,2,6,7
AGATGAACACTGCACG-1-19,0,1,0
AGGAAATGTTCAAACC-1-19,2,6,7
AGGACTTCATGGCTGC-1-19,4,7,9
AGGGTGACATTCACAG-1-19,2,6,7
AGGGTTTGTGATGTAA-1-19,2,6,7
AGGTAGGAGATACAGT-1-19,0,1,0
AGGTGTTAGCAATAGT-1-19,2,6,7
AGTAACCAGCTTTGTG-1-19,4,7,9
AGTCTCCCATCAGTGT-1-19,3,3,3
AGTTCGACAGAAGTGC-1-19,2,6,7
ATACCGAAGAACAAGG-1-19,3,3,3
ATCACAGAGCTGGTGA-1-19,2,6,7
ATCCATTAGACTTCCA-1-19,3,3,3
ATCGGATGTATCAGCT-1-19,4,7,9
ATCTTCAGTACCACGC-1-19,2,6,7
ATGAGGGGTTTCTTAC-1-19,3,3,3
ATGAGTCCACAATTCG-1-19,2,6,7
ATGCATGGTCAGACTT-1-19,3,3,3
ATGGAGGAGCGCCGTT-1-19,3,3,3
ATGGGTTGTGACGTCC-1-19,2,6,7
ATGGTTGCAGCTCCTT-1-19,2,6,7
ATGTCCCCAATTGAAG-1-19,2,6,7
ATGTCTTTCACTCTTA-1-19,2,6,7
ATTCACTTCGGCGATC-1-19,3,3,3
ATTCTTGCACTCATAG-1-19,3,3,3
ATTTCACAGCGATGGT-1-19,2,2,2
CAACCTCAGTGAACAT-1-19,1,5,4
CAACCTCCAAATGCTC-1-19,2,6,7
CAAGACTTCTTCCCAG-1-19,2,6,7
CAATCGATCGCAACAT-1-19,3,3,3
CACAACACAATTTCGG-1-19,3,3,3
CACAGATGTTCCGCAG-1-19,3,3,3
CACAGGCTCTTGAACG-1-19,3,3,3
CACATGATCCGGCTTT-1-19,1,5,4
CACCGTTGTCACCCTT-1-19,2,6,7
CACGGGTGTCTCAAGT-1-19,2,6,7
CAGAGCCTCATCGACA-1-19,2,6,7
CAGCGTGGTAGCGTTT-1-19,2,6,7
CAGGCCAAGGATTCAA-1-19,4,6,12
CAGTTAGCAAAGAACT-1-19,2,6,7
CATAAGCAGGAACGCT-1-19,2,6,7
CATAAGCAGTCTGCAT-1-19,3,3,12
CATACCCTCAAGTCGT-1-19,4,7,9
CATACTTAGAGTCGAC-1-19,2,6,7
CATCGGGAGCGTGAGT-1-19,2,6,7
CATGGATCAATCGCAT-1-19,2,2,7
CATGGATCATGGGATG-1-19,2,2,2
CATTCTAAGCACTAAA-1-19,3,3,3
CCACACTAGAGCCTGA-1-19,2,6,7
CCACGAGGTACACGTT-1-19,2,6,7
CCCGAAGCATCGAAGG-1-19,0,1,0
CCCTTAGCAAATCGGG-1-19,3,3,3
CCCTTAGTCATGAAAG-1-19,3,3,3
CCTAACCAGGTACCTT-1-19,4,7,9
CCTATCGGTTGGATCT-1-19,3,3,3
CCTCATGCATTCAGGT-1-19,3,3,3
CGAGAAGCAAATGGTA-1-19,3,3,3
CGCAGGTAGTAGGTTA-1-19,4,7,9
CGCCATTCATCCTTGC-1-19,3,3,3
CGCCATTGTAGCACAG-1-19,4,7,9
CGGAGAAGTGTCTCCT-1-19,3,3,3
CGTAATGCAGAGGCTA-1-19,3,3,3
CTAAGTGTCTGGTCAA-1-19,3,3,12
CTACATTAGACTTCGT-1-19,3,3,3
CTACATTAGTGGTCAG-1-19,2,6,7
CTACGGGAGGCGCTCT-1-19,4,7,9
CTACGGGTCGTCGACG-1-19,2,2,7
CTAGACAAGATTGAGT-1-19,4,7,9
CTAGACAAGTCGAGGT-1-19,2,2,7
CTATAGGAGTGATGGC-1-19,3,3,3
CTCAATTAGAGGTCGT-1-19,3,3,3
CTCAGTCAGGCTTAAA-1-19,2,6,7
CTCAGTCGTCGCCACA-1-19,4,7,9
CTCCCAACAGAGTGTG-1-19,2,6,7
CTGAGCGCACACACGC-1-19,3,3,12
CTGCAGGGTCACTGAT-1-19,3,3,12
CTGCCTATCTCCCATG-1-19,3,3,3
CTGGTCTCAAAGACGC-1-19,2,2,2
CTGTAGAGTACGGTTT-1-19,2,6,7
CTGTGGGGTCGCTCGA-1-19,3,3,3
CTTACCGAGGTTACAA-1-19,2,6,7
CTTCTCTCAAACTCTG-1-19,3,3,3
CTTCTCTTCTTTGCAT-1-19,3,3,3
CTTTCGGCAAGACGGT-1-19,3,3,12
GAAATGACAAAGACGC-1-19,3,3,3
GAAGAATTCGCACGGT-1-19,2,6,7
GAAGCGACACAGAAGC-1-19,2,6,7
GAAGTAATCGGTTCAA-1-19,2,6,7
GAATAGAGTAAGGCTG-1-19,3,3,3
GACAGCCGTACCGGAA-1-19,2,2,7
GACCCTTGTGAGATAT-1-19,3,3,3
GACCGTGGTGGCAACA-1-19,5,8,8
GACTATGTCTACTGCC-1-19,3,3,12
GACTGATCATCGCTAA-1-19,2,6,7
GAGACCCCAGAGTCTT-1-19,4,7,9
GAGTCATGTGTCCGTG-1-19,3,3,3
GAGTTACAGGATACCG-1-19,4,6,12
GAGTTTGGTTATGTGC-1-19,3,3,12
GATGATCAGGACTTCT-1-19,2,6,7
GATGATCCACGCGTGT-1-19,2,6,7
GATGCTAAGGGACCAT-1-19,2,6,7
GATTCTTTCACCCATC-1-19,2,6,7
GCAACCGTCGACACTA-1-19,3,3,3
GCAACCGTCGTGGACC-1-19,3,3,3
GCACATAAGGTTACCT-1-19,4,7,9
GCACATATCCAACACA-1-19,4,7,9
GCACGGTGTCGCATGC-1-19,3,3,3
GCAGTTAGTCGTTCAA-1-19,4,7,9
GCCAGGTAGAGTCCGA-1-19,2,6,7
GCCAGGTAGGTCGTGA-1-19,4,7,9
GCCATGGAGGCGCTTC-1-19,2,2,2
GCCCAGAGTGGTCCGT-1-19,2,6,7
GCCGTGATCGGAGATG-1-19,2,6,7
GCCTGTTAGTTCCAGT-1-19,2,6,7
GCGGAAAAGATTAGAC-1-19,2,6,7
GCGGATCAGGATTTAG-1-19,3,3,3
GCTACAATCCGAGATT-1-19,3,3,3
GCTACAATCGCACGGT-1-19,3,3,3
GCTCAAAAGACTCTAC-1-19,4,7,9
GCTTCACAGATAGCTA-1-19,3,3,3
GGAATGGGTGTGCCTG-1-19,3,3,3
GGAGCAACAAGCTCTA-1-19,1,0,6
GGATGTTGTACCTAGT-1-19,2,6,7
GGCAGTCCAAGTGGAC-1-19,2,6,7
GGGAAGTAGCATTTCG-1-19,2,6,7
GGGAAGTTCTGTTCAT-1-19,3,3,3
GGGACAAGTGGCAGAT-1-19,2,2,2
GGGACAATCCCTGGTT-1-19,2,6,7
GGGATGAGTTCTAAGC-1-19,2,2,2
GGGCCATGTCGATTAC-1-19,3,3,3
GGGCTACAGTTCATGC-1-19,3,3,3
GGGCTACCATCGCCTT-1-19,3,3,3
GGGCTCATCGCCTAGG-1-19,2,6,7
GGGTGAAAGCACCTGC-1-19,6,10,14
GGGTGTCCACTTACAG-1-19,4,6,12
GGGTTATTCATTCGGA-1-19,2,6,7
GGTAATCCATCGGTTA-1-19,3,3,3
GGTAGAGTCCATCCGT-1-19,2,2,2
GGTGGCTAGAGATGCC-1-19,3,3,3
GGTTCTCCAAGCCTGC-1-19,3,3,3
GTAAGTCCAATACAGA-1-19,2,6,7
GTAATGCTCAACCCGG-1-19,2,6,7
GTCAAACTCTCTAGGA-1-19,2,6,7
GTCAAGTCAAGGTCAG-1-19,2,6,7
GTCGTTCGTTATCCAG-1-19,4,7,9
GTCTGTCAGGCATCAG-1-19,3,3,3
GTCTGTCAGTATGATG-1-19,2,6,7
GTGAGCCGTCGCACGT-1-19,2,6,7
GTGAGTTAGCTTTCCC-1-19,2,2,2
GTGAGTTGTGTCTCCT-1-19,3,3,3
GTGATGTCAAACGTGG-1-19,4,7,9
GTTCTATGTGGAGGTT-1-19,3,3,12
TAACCAGGTTAGAAGT-1-19,2,6,7
TAATCTCTCGTCAAAC-1-19,2,6,7
TACATTCGTTTGAACC-1-19,4,7,9
TACATTCGTTTGCCGG-1-19,2,6,7
TACCCACGTCGAGCAA-1-19,0,0,6
TACCTGCCATCATTTC-1-19,4,7,9
TACCTGCGTCAAACGG-1-19,2,6,7
TACGGGCGTCGAGTGA-1-19,2,6,7
TAGAGTCTCTAGATCG-1-19,2,6,7
TAGCACAGTTCTGAGT-1-19,4,6,12
TAGGTTGCATAGCACT-1-19,2,6,7
TAGGTTGTCGCAGTTA-1-19,4,7,9
TATCCTATCCGGTAAT-1-19,3,3,3
TATTGGGGTTCGGCTG-1-19,2,2,2
TATTTCGAGAATTTGG-1-19,3,3,3
TCACTATAGGATTTGA-1-19,4,6,12
TCAGCAATCATATGGC-1-19,2,6,7
TCAGCCTAGACTCGAG-1-19,3,3,3
TCAGGTATCCAGCTCT-1-19,2,6,7
TCATATCAGGTAATCA-1-19,3,3,3
TCATCATTCCGCGATG-1-19,2,6,7
TCATCCGCACCAGTTA-1-19,2,6,7
TCATGAGTCGCTAAAC-1-19,2,6,7
TCATTACGTGAAGCTG-1-19,3,3,3
TCATTTGGTTCTTGCC-1-19,2,2,2
TCCAGAACATCCGATA-1-19,2,6,7
TCCATCGGTCACTTCC-1-19,1,0,6
TCCTAATCAATAAGGT-1-19,2,6,7
TCCTGCATCGAAGCAG-1-19,3,3,3
TCCTTCTGTAGGCTGA-1-19,3,3,3
TCGAACAGTTGGATCT-1-19,2,6,7
TCGACGGGTGGCTGCT-1-19,2,2,2
TCGCACTCACAAGTTC-1-19,2,6,7
TCGCTTGCATGTGGCC-1-19,2,6,7
TCGGGCATCGTGTCAA-1-19,1,5,4
TCGGGCATCTTTGATC-1-19,3,3,3
TCGTAGAGTTACCTGA-1-19,2,6,7
TCGTGCTGTGATTCAC-1-19,3,3,3
TCGTGCTTCTAAGGAA-1-19,2,6,7
TCGTGGGTCTGGACCG-1-19,2,2,2
TCTACCGAGTGAGTGC-1-19,3,3,3
TCTATCACAGAACTTC-1-19,2,6,7
TCTATCAGTCATAACC-1-19,2,6,7
TCTATCATCTATACGG-1-19,3,3,12
TCTCTGGAGTTTCGGT-1-19,2,6,7
TCTTTGACATCTTAGG-1-19,2,2,7
TGAACGTAGAATACAC-1-19,0,0,6
TGACGCGTCATCACAG-1-19,4,7,9
TGAGGAGGTGCTCTTC-1-19,5,8,8
TGATTCTGTGCTCTTC-1-19,2,6,7
TGATTTCGTACAATAG-1-19,2,6,7
TGCAGGCCAATCCTTT-1-19,4,7,9
TGCATGAAGCCTTTGA-1-19,0,1,0
TGCGACGCAGCAGTCC-1-19,2,6,7
TGCGATACACAGTACT-1-19,3,3,12
TGGAGAGGTATCCTTT-1-19,2,6,7
TGGAGGAAGTATAACG-1-19,3,3,3
TGGAGGACAACGCCCA-1-19,2,2,2
TGGAGGATCCGCAAAT-1-19,3,3,3
TGGGAAGCACTGAGGA-1-19,4,7,9
TGGTGATCACCTGCGA-1-19,0,1,0
TGTAACGCAAACTAGA-1-19,4,6,12
TGTAACGTCCGAGCTG-1-19,3,3,3
TGTAACGTCTTCGCTG-1-19,3,3,3
TTAATCCCATTCCTCG-1-19,3,3,3
TTACAGGCACTTTATC-1-19,2,6,7
TTAGGCAAGTACGAGC-1-19,4,7,9
TTAGTCTCAAGCTACT-1-19,2,6,7
TTATTGCTCGTAATGC-1-19,3,3,12
TTCAATCTCGCTTGAA-1-19,1,5,4
TTCATGTGTTCTTGTT-1-19,2,6,7
TTCCTCTTCGACACTA-1-19,3,3,3
TTCTAACTCGGCTTGG-1-19,2,6,7
TTCTCTCAGGTCACAG-1-19,3,3,3
TTCTTGACATGACGAG-1-19,4,7,9
TTGATGGCATGTCGTA-1-19,1,5,4
TTGCTGCTCCTGTTAT-1-19,3,3,12
TTGGGTACAACGGGTA-1-19,3,3,3
TTTACTGGTTGGGAAC-1-19,3,3,3
TTTAGTCTCCCGTTGT-1-19,3,3,3
TTTCAGTGTTGGAGAC-1-19,2,6,7
TTTCGATTCGACGTCG-1-19,4,7,9
TTTGGAGAGAAACTCA-1-19,2,6,7
AAGAACAGTCTGTCAA-1-20,0,1,0
AAGACTCGTCGTTCAA-1-20,0,1,0
AAGCGAGAGTACTGTC-1-20,1,4,5
AATCACGCAGCATGCC-1-20,3,3,3
ACACGCGCAGCAGGAT-1-20,0,0,1
ACGGAAGGTCGACTTA-1-20,0,0,1
ACGTTCCTCCCGAGTG-1-20,5,8,8
AGATCGTCAATGCAGG-1-20,1,4,5
AGCCAGCTCGAGAGAC-1-20,2,2,2
AGGATAAAGACCATGG-1-20,4,7,9
AGGTCATTCAACGTGT-1-20,0,1,0
AGTACCAGTTTGAACC-1-20,2,2,2
ATGGAGGGTAGTATAG-1-20,2,2,2
ATGGATCGTGTGGTCC-1-20,1,4,5
ATTATCCCAGGTCCGT-1-20,0,1,0
CAGCAATCACACTGGC-1-20,0,1,0
CATTCCGTCCTAGAGT-1-20,0,0,8
CCACTTGCATCATCCC-1-20,0,1,0
CCCTTAGCATGTAACC-1-20,0,0,1
CCTCACAAGTAACCGG-1-20,0,0,1
CCTCAGTCACCTGTCT-1-20,2,2,2
CCTCTCCGTACCAGAG-1-20,2,2,2
CCTGTTGGTCACCGAC-1-20,0,0,1
CCTTCAGTCAAACGAA-1-20,0,1,0
CGAGGCTTCTGGGAGA-1-20,0,1,1
CGGGTCATCCACGTCT-1-20,0,1,0
CGTAATGTCCTATTTG-1-20,1,4,10
CGTTCTGGTTTGACAC-1-20,0,0,1
CTAACCCTCCGAAATC-1-20,2,2,2
CTCAATTTCACTCCGT-1-20,1,5,4
CTCACTGCACGACGCT-1-20,1,0,6
CTCCAACAGCGACTGA-1-20,0,1,0
CTGCAGGTCGCCGTGA-1-20,2,2,2
CTGCATCAGCCGATCC-1-20,1,5,4
CTGCGAGTCGTCGGGT-1-20,0,1,0
GAACACTTCATCGCCT-1-20,0,1,0
GAATAGAAGTACTCGT-1-20,0,0,1
GACCAATGTGCACAAG-1-20,1,5,4
GATCAGTCAGTCTCTC-1-20,1,4,5
GATCAGTGTAGATTGA-1-20,5,8,8
GATGAGGCACGACGTC-1-20,1,5,4
GCAGTTAAGTGCCAGA-1-20,5,8,8
GCCGATGCACAGCATT-1-20,0,1,0
GCGTGCACACCAGACC-1-20,1,0,6
GCTTCACAGCCAACCC-1-20,2,2,2
GGGAGATAGGAAGAAC-1-20,1,0,6
GTCGAATAGCCTGAGA-1-20,1,4,10
GTTACCCCATCTCGTC-1-20,0,1,0
TAACACGTCTGAACGT-1-20,0,0,1
TAACGACTCGACACCG-1-20,2,2,10
TACGGGCAGGAATGTT-1-20,2,2,10
TACGGGCGTCCGGTCA-1-20,0,1,0
TAGGGTTAGTTGTCAC-1-20,3,3,3
TAGGTACCAGCGATTT-1-20,1,0,6
TAGGTACTCTCATAGG-1-20,2,2,10
TAGGTTGAGGTCCCTG-1-20,1,4,10
TATCCTAGTCTAGGCC-1-20,1,0,6
TATTGGGCAGATTCGT-1-20,0,0,1
TCAAGACCATCAGTGT-1-20,2,2,2
TCAAGACTCCAATGCA-1-20,5,8,8
TCAGTTTAGTGCTAGG-1-20,0,1,0
TCCCAGTAGTAAACAC-1-20,2,2,2
TCCTAATAGAGGTCAC-1-20,0,0,1
TCGAAGTGTGTCATCA-1-20,0,0,1
TCGGTCTGTAGGTAGC-1-20,2,2,2
TCGTGGGCATCCAACA-1-20,1,4,5
TCTCACGCACATAGCT-1-20,0,1,0
TCTTAGTAGAACTCCT-1-20,1,8,11
TCTTAGTTCTAGAGCT-1-20,1,0,6
TGAGACTTCTTCACAT-1-20,3,3,3
TGATTTCCATGACTTG-1-20,4,7,9
TGCATCCCAGATCCTA-1-20,0,1,0
TGGAACTAGATACGAT-1-20,1,0,6
TGGAGGAAGACTAGAT-1-20,0,0,1
TGGTACAGTTCCCAAA-1-20,0,1,0
TGGTGATAGCGCCTCA-1-20,0,1,0
TGTAGACTCAAGCCAT-1-20,2,2,10
TGTCCACGTCGCTGCA-1-20,1,0,6
TGTGGCGGTCACCGCA-1-20,1,8,11
TTACGCCCACGTATAC-1-20,0,1,0
TTCGCTGAGGGTGAAA-1-20,3,3,3
TTCTAACTCTTGTTAC-1-20,1,4,5
TTTATGCTCCATTGCC-1-20,0,1,0
TTTGGAGAGGCTAACG-1-20,0,1,0
AACCTTTTCGATGGAG-1-21,1,0,6
AATCGACTCTTCGATT-1-21,0,1,0
AATCGTGGTCTTACAG-1-21,5,8,8
AATTTCCCACAGCCTG-1-21,1,4,5
ACATCCCAGTGTACAA-1-21,1,4,5
ACCACAAGTTGCACGC-1-21,0,1,8
ACGTAGTGTCACTTAG-1-21,1,0,6
ACTTATCAGCGGTATG-1-21,0,0,1
ACTTTCAAGCGCCTAC-1-21,0,1,0
AGAACCTAGTAAACAC-1-21,4,7,9
AGAAGCGGTAGACAAT-1-21,1,2,6
AGACAGGTCTACCACC-1-21,1,4,5
AGATCGTGTATAATGG-1-21,0,0,1
AGCGCCAAGGTCACAG-1-21,4,7,9
AGCGCTGAGAAGCGAA-1-21,4,7,9
AGCGTATAGTTGCTGT-1-21,0,0,1
AGGCTGCAGAGCTGAC-1-21,0,0,1
AGGGTGACAAGATGTA-1-21,0,1,0
AGTAACCTCATTACGG-1-21,1,4,10
AGTAGTCGTCACTACA-1-21,5,8,8
AGTCTCCTCGCTACAA-1-21,3,3,3
ATACCGATCTGCCTGT-1-21,0,0,6
ATGAGTCAGCACACAG-1-21,0,0,1
ATGGGTTGTTAAACCC-1-21,1,0,6
ATGTCTTAGTATGAGT-1-21,1,5,4
ATGTCTTGTCCTACAA-1-21,1,4,5
ATTACCTGTAGCTGTT-1-21,1,5,4
ATTATCCCAAGCGAGT-1-21,2,2,2
ATTCACTTCATTCGGA-1-21,1,5,4
ATTCCATGTTAATCGC-1-21,0,1,0
ATTCCCGTCATTCCTA-1-21,0,1,0
CAATACGAGCACGGAT-1-21,2,2,2
CAATACGAGCGCCGTT-1-21,1,5,4
CAATACGTCTCGTGGG-1-21,1,0,6
CACAACACAGCTGCCA-1-21,0,1,0
CACTGAATCTCCCAAC-1-21,0,1,0
CAGCAATGTCTGTGTA-1-21,0,1,0
CAGCACGAGTACTGGG-1-21,1,0,6
CATGAGTGTCTAGATC-1-21,0,0,1
CATTCATCACGAGGTA-1-21,0,0,1
CATTCTAGTAACCCTA-1-21,1,5,4
CCACACTTCATGAAAG-1-21,0,1,0
CCCGGAATCTGCTGAA-1-21,5,8,8
CCCTGATGTCCGCAGT-1-21,0,0,1
CCGTTCATCTTCTTCC-1-21,0,1,0
CCTCTCCTCAATCAGC-1-21,0,0,1
CGAAGGATCTGTCAGA-1-21,0,1,0
CGAGGCTCAAACACCT-1-21,0,1,0
CGATGCGTCTCGTGGG-1-21,0,0,1
CGGCAGTGTTCGGGTC-1-21,1,5,4
CGGGCATGTGATACCT-1-21,0,1,0
CTACCTGAGTTAACAG-1-21,0,0,1
CTCCGATTCCGATCTC-1-21,2,2,2
CTCTCAGCACTGCACG-1-21,1,4,5
CTCTCAGTCAGCTTCC-1-21,1,4,5
CTCTGGTCAGTCAGAG-1-21,0,1,0
CTGGCAGGTTGCCGAC-1-21,2,2,2
CTTGAGAGTGAATTAG-1-21,1,4,5
GAACGTTAGCCATTGT-1-21,0,1,0
GATCACAAGTCAGCCC-1-21,1,4,5
GCACGTGGTAGACACG-1-21,0,0,6
GCACGTGTCATTTACC-1-21,2,2,2
GCAGCCAGTTCAAAGA-1-21,1,5,4
GCATCGGCATCGCTGG-1-21,1,5,4
GCCATGGAGTCCCTAA-1-21,0,1,0
GCCTGTTTCACAAGAA-1-21,2,2,2
GCCTGTTTCGCGAAGA-1-21,1,4,10
GCGTGCACAACACAAA-1-21,0,0,1
GCTGGGTGTATCTTCT-1-21,1,5,4
GGACGTCAGTTCCGTA-1-21,0,0,1
GGGATCCGTGCCTTTC-1-21,0,1,0
GGGTCTGCAGCACAGA-1-21,1,5,4
GGTCACGAGCATCAGG-1-21,0,1,0
GGTGAAGCAGAGTGAC-1-21,1,4,5
GGTGGCTTCACCGGGT-1-21,1,2,10
GTAGTACCACCTAAAC-1-21,1,0,6
GTCAAGTTCATTTGCT-1-21,0,0,1
GTCACTCCATACTGTG-1-21,0,1,0
GTCATTTAGTATGTAG-1-21,0,1,0
GTGAGGAAGGCTAGCA-1-21,4,7,9
GTGAGGATCGATACAC-1-21,4,7,9
GTGGAAGCACCGGCTA-1-21,0,0,1
GTTACCCGTGAACTAA-1-21,3,3,3
GTTACGATCTTAGCTT-1-21,0,0,6
GTTCCGTTCTGAGGTT-1-21,5,8,8
GTTGTAGAGTAACAGT-1-21,0,0,1
GTTTACTTCGTTAGTG-1-21,1,0,6
TAACACGGTAAGCAAT-1-21,1,4,5
TACATTCCAGCAGGAT-1-21,2,2,2
TACTTACAGCCTGAGA-1-21,2,2,2
TCACGCTTCTGTCCGT-1-21,1,4,10
TCATTTGCACCCTTAC-1-21,1,4,5
TCCAGAATCCACATAG-1-21,1,4,10
TCCATGCTCGTCAAAC-1-21,0,0,1
TCGACCTCAGTTGGTT-1-21,2,2,10
TCGCTTGCACCGTCTT-1-21,1,4,5
TCTCTGGGTCGAAGCA-1-21,3,3,3
TGATGCAGTGTTGAGG-1-21,1,4,5
TGCAGATTCGAGCCTG-1-21,0,0,1
TGCATGAGTAACATCC-1-21,0,1,0
TGCGGGTCAGGTCTCG-1-21,0,1,0
TGGAGGAGTTCCGCGA-1-21,0,9,13
TGGCGTGTCGAGTCCG-1-21,0,0,1
TGGGTTACAGGATTCT-1-21,0,0,1
TTACAGGAGTTCCGGC-1-21,0,1,0
TTACGTTTCATGCCCT-1-21,4,7,9
TTCACCGGTTTGTTCT-1-21,2,2,2
TTCCTCTCAATCAAGA-1-21,2,2,2
TTCTGTAGTGAGAACC-1-21,4,7,9
TTTGACTCAATATCCG-1-21,1,4,5
AATGACCGTACCTGTA-1-22,0,1,0
AGAACCTTCGAGCCAC-1-22,0,1,0
AGCTCAAAGCATGCAG-1-22,2,2,2
AGTCAACAGAGGGTGG-1-22,0,1,0
AGTCACAAGAGTTGAT-1-22,2,2,2
AGTTCCCGTTTAAGGA-1-22,0,1,0
ATACTTCTCCATAGGT-1-22,0,1,0
ATAGAGACAGCGGTTC-1-22,5,8,8
ATCCACCGTTGAATCC-1-22,0,0,1
ATGAGTCCAGCTACAT-1-22,2,2,10
ATGCGATAGTGGTTGG-1-22,0,1,0
CACCGTTGTTTACCAG-1-22,1,4,10
CACTGAAGTACTCCGG-1-22,0,0,1
CAGATACAGTCGAAAT-1-22,0,0,1
CATTCCGGTGTTTGCA-1-22,2,2,2
CCACAAAGTGAGGCAT-1-22,0,1,0
CCTCTAGCACGGAAGT-1-22,0,1,0
CTCATCGCATTGAGGG-1-22,1,4,5
GAATCACAGCATGAAT-1-22,4,7,9
GGGATGACAAGGCGTA-1-22,0,1,0
GGGTTTACAACCGTAT-1-22,1,5,4
GTAACACAGCTCAGAG-1-22,1,5,4
GTAACCACATCCGAGC-1-22,0,1,0
GTACAGTCACACCGAC-1-22,0,1,1
GTAGCTAGTTGTCATG-1-22,1,0,6
GTCAAGTGTACAAACA-1-22,2,2,2
GTCATCCAGGGTGGGA-1-22,1,4,5
GTGTAACTCGGCTGTG-1-22,0,0,1
GTTTACTGTTGCGGAA-1-22,2,2,2
TAATTCCAGTGTTCAC-1-22,2,2,2
TATCGCCTCCGTGTAA-1-22,1,0,6
TCACATTCAAACGTGG-1-22,3,3,3
TCACGGGAGATCCCAT-1-22,5,8,8
TCAGCAACAACAAGTA-1-22,0,0,1
TCAGCAAGTTCTTCAT-1-22,2,2,10
TCAGTCCAGGTTGTTC-1-22,0,1,0
TGCTCGTTCACCACAA-1-22,0,1,0
TTGATGGCATTATGCG-1-22,5,8,8
ACTTTCAAGGATACCG-1-23,3,3,3
ATTCACTTCGGCGATC-1-23,3,3,3
CAGCAATGTTTCGCTC-1-23,3,3,3
GCTTCACAGATAGCTA-1-23,3,3,3
GGTGGCTAGAGATGCC-1-23,3,3,3
TCAGGTATCTCCAAGA-1-23,3,3,3
AAGGTAAGTTTACCTT-1-24,1,4,5
ACTTCCGTCGGCTCTT-1-24,2,2,10
AGGAAATAGTCCGCGT-1-24,6,10,14
AGGACTTGTTCGGCGT-1-24,1,4,11
AGGTCATTCTAGTCAG-1-24,1,4,5
AGTGATCCAAGTGGGT-1-24,1,5,4
AGTGATCTCGGCATAT-1-24,1,4,5
ATCACTTGTTTGAAAG-1-24,1,5,4
ATCATTCCAGAACTCT-1-24,1,4,5
ATCATTCTCTGCATAG-1-24,2,2,2
ATCCTATAGACGGATC-1-24,0,1,0
CAATACGCACAGTACT-1-24,0,1,0
CACGAATAGGCTGGAT-1-24,3,3,3
CATGCAAAGCCTGCCA-1-24,0,0,1
CATGCTCTCGAACGCC-1-24,2,2,2
CCATAAGCAGGAGGTT-1-24,0,0,1
CTCAATTCACATTCGA-1-24,0,1,0
CTCCAACAGAGCCCAA-1-24,2,2,2
CTCCATGTCGCCGTGA-1-24,0,0,1
CTGGTCTCACCTGAAT-1-24,0,0,1
CTGTACCTCGTTCCTG-1-24,0,1,0
CTGTCGTTCTCTCTAA-1-24,0,0,1
CTTCTAAAGTTACTCG-1-24,4,7,9
GACATCATCTGTAAGC-1-24,0,0,1
GACTATGTCAATCTTC-1-24,1,5,4
GAGGCAATCCCGTTGT-1-24,1,0,6
GAGTGAGGTGTCATGT-1-24,4,7,9
GATCATGTCACGAACT-1-24,0,0,1
GATTCGAGTCCCTAAA-1-24,0,0,1
GCATCGGAGACTCTTG-1-24,1,4,5
GCCATGGTCTTTGCGC-1-24,2,2,10
GCCCAGACAACCCTAA-1-24,0,0,1
GCCCGAACAACAAGTA-1-24,1,4,5
GCCTGTTGTGCCGAAA-1-24,1,4,10
GGAGAACAGTGACCTT-1-24,1,0,6
GGCTGTGAGATCCCAT-1-24,0,1,0
GGTTCTCTCTCACGAA-1-24,1,4,5
GTAGAAACAGCGAGTA-1-24,0,9,13
GTAGGTTCATAGGCGA-1-24,1,5,4
GTGCAGCTCTGGCCTT-1-24,1,4,5
GTGTTAGCACTGGATT-1-24,0,0,1
GTTACAGTCCACTAGA-1-24,0,0,1
GTTGTCCGTACAGTTC-1-24,1,5,4
GTTTGGACATCGCTAA-1-24,1,4,5
TACCCACAGTGCACTT-1-24,1,5,4
TACCTGCGTTCGTTCC-1-24,2,2,10
TATATCCTCCACACCT-1-24,1,4,5
TCACTATCATAGATGA-1-24,0,0,1
TCCTCGACACGGCGTT-1-24,0,0,1
TCCTTCTTCTTAAGGC-1-24,0,0,1
TGAGTCATCCATAGAC-1-24,0,0,1
TGATCTTTCCCTTTGG-1-24,0,1,0
TGGGATTGTGGGTATG-1-24,2,2,10
TGGTACATCACCGCTT-1-24,0,0,1
TGTCCCAGTTTCGATG-1-24,1,5,4
TGTGTGACAGGCTTGC-1-24,1,8,11
TTCCGGTTCCAAGGGA-1-24,1,5,4
TTCGGTCAGCTCTTCC-1-24,1,4,5
TTGCTGCGTAGGCAGT-1-24,2,2,2
TTGGGTACATTCGGGC-1-24,1,5,4
AAAGTCCGTGAGCGAT-1-25,0,1,0
AACAGGGTCTGGTGCG-1-25,0,0,1
AACGGGAAGCCACTCG-1-25,0,1,0
AAGCGTTAGGAGAGTA-1-25,1,5,4
AAGTACCTCGTTGTTT-1-25,1,0,6
AAGTCGTAGAAGTCCG-1-25,1,4,5
AAGTTCGCACCAAATC-1-25,0,1,0
ACAGAAACAATCGCCG-1-25,0,0,1
ACAGCCGAGATAGTGT-1-25,0,1,0
ACCAAACGTGGCCCAT-1-25,1,5,4
ACCGTTCTCCTTATGT-1-25,1,4,10
ACCGTTCTCGAAACAA-1-25,1,5,4
ACCGTTCTCTGTTGGA-1-25,0,0,1
ACGGTCGAGAGTTGCG-1-25,2,2,2
ACGGTTAAGCGAATGC-1-25,0,0,1
ACGGTTAAGCGTGCTC-1-25,0,1,0
ACGGTTAGTAAGTTAG-1-25,0,1,0
AGAAATGTCTGTCCGT-1-25,0,0,1
AGACAGGTCGGAAGGT-1-25,2,2,2
AGCTCAAGTCGTCTCT-1-25,4,7,9
AGGACTTTCATCTATC-1-25,0,1,0
AGGGTTTCACATGAAA-1-25,1,5,4
ATCCTATCAACCACAT-1-25,1,0,6
ATCGCCTAGCTGACAG-1-25,0,0,1
ATCGGATCAGTAGGAC-1-25,1,5,4
CAAGCTATCTGTGTGA-1-25,4,7,9
CAATCGACAACACAAA-1-25,1,5,4
CACCGTTGTGTCCCTT-1-25,1,5,4
CAGGCCAAGGTCTTTG-1-25,1,4,5
CCACGAGAGCATAGGC-1-25,0,1,0
CCGAACGAGTGCAGGT-1-25,0,1,0
CCGATCTAGGTTCATC-1-25,4,7,9
CCGGGTAGTGGATGAC-1-25,4,7,9
CCTCTAGTCCCGAGTG-1-25,0,1,1
CGCAGGTGTAAGATAC-1-25,1,5,4
CGGGTGTGTTCGATTG-1-25,1,4,10
CTAACTTCAGTAGTGG-1-25,0,1,8
CTACCTGGTTGCTTGA-1-25,0,1,8
CTACGGGTCGGCTTCT-1-25,1,4,10
CTGATCCCACTGAGGA-1-25,2,2,2
CTGGACGCAGATGCGA-1-25,2,2,2
CTTACCGTCCACGTGG-1-25,1,5,4
CTTAGGAAGAGGGTAA-1-25,0,1,0
GAAGTAACATCAGTCA-1-25,1,5,4
GACAGCCGTGGCCCAT-1-25,0,1,0
GACTATGAGCGTCAGA-1-25,0,1,0
GAGATGGAGATCGACG-1-25,1,4,11
GAGGGATAGCTCAGAG-1-25,4,6,12
GATCATGAGTGGTCAG-1-25,2,2,10
GATGACTCAGGTACGA-1-25,0,1,0
GATGCTAGTTAATGAG-1-25,1,4,5
GCACGGTCACGTACTA-1-25,1,4,10
GCCAACGAGGTTGGTG-1-25,0,0,1
GCCAACGCAGGACGAT-1-25,1,4,11
GCCAGCACAAGGCGTA-1-25,1,5,4
GCCAGGTGTGGATCGA-1-25,2,2,10
GCTTCACTCGCCGATG-1-25,4,7,9
GGCAGTCAGGCGTCCT-1-25,0,1,0
GGCAGTCTCCGTGTAA-1-25,4,7,9
GGGACAAAGGACAACC-1-25,1,5,4
GGGTGTCGTAGAAACT-1-25,1,5,4
GTAGTACTCAAACGAA-1-25,0,1,0
GTCATCCTCCCTGTTG-1-25,0,0,1
GTGAGTTGTGCAGATG-1-25,1,5,4
GTGGTTATCATCCCGT-1-25,2,2,2
GTGTAACCACTGGACC-1-25,1,4,5
GTGTCCTGTCGAAACG-1-25,1,4,11
GTTCGCTGTACTGGGA-1-25,2,2,2
GTTCTATGTGCCCTTT-1-25,5,8,8
GTTTGGATCATATGGC-1-25,2,2,2
TAATTCCTCCCTATTA-1-25,0,0,1
TAGGAGGCAGCTGGTC-1-25,1,5,11
TATCTTGAGCATCCTA-1-25,1,5,4
TCAATCTAGCCATGCC-1-25,3,3,3
TCATCCGGTACCAGAG-1-25,0,1,0
TCCTGCATCCATGAGT-1-25,0,0,1
TCTCTGGAGGCTGAAC-1-25,1,0,6
TCTTCCTGTACGTGAG-1-25,1,4,5
TGACAGTAGGCTAACG-1-25,0,0,1
TGACCCTCAACAGCTT-1-25,0,0,1
TGAGCATCATGTAACC-1-25,0,0,1
TGATCAGAGGCACTAG-1-25,2,2,2
TGATCTTAGCTGTACT-1-25,0,1,0
TGGATCAAGGATTTAG-1-25,1,5,4
TGGGATTCAGAAGCTG-1-25,1,0,6
TGGTAGTCATAACAGA-1-25,4,7,9
TGTCCTGCATTGAGGG-1-25,1,4,11
TGTTCATTCCTGTTGC-1-25,1,4,5
TTAATCCAGGTGTGAC-1-25,1,5,4
TTAGGGTGTCTTGCTC-1-25,1,4,10
TTCATGTGTCTGATCA-1-25,0,1,0
TTCATTGAGTTACGTC-1-25,2,2,2
TTCTAACTCCTGTACC-1-25,1,5,4
TTGTTTGGTAAGATAC-1-25,4,7,9
TTTCGATTCAAGTGGG-1-25,0,1,0
AAAGGGCGTCCGGTCA-1-26,1,5,4
AAAGGTATCACAACCA-1-26,0,0,1
AAGACTCAGCACTGGA-1-26,0,1,0
AAGGTAAGTACAAAGT-1-26,1,4,5
AAGGTAAGTTTGTGGT-1-26,1,4,10
AAGTTCGTCGGTTGTA-1-26,1,5,4
AATAGAGGTCCTTGTC-1-26,0,0,1
AATCGACTCCTGCCAT-1-26,2,2,2
ACATCGACAGGTCCGT-1-26,0,1,0
ACATTTCCAGCCGGTT-1-26,5,8,8
ACCACAATCGTGAGAG-1-26,0,0,1
ACGGAAGGTGTAGCAG-1-26,1,5,4
ACGTAACCACGCAAAG-1-26,1,0,6
ACTATGGAGCTCTTCC-1-26,0,1,0
ACTGCAAGTATTAAGG-1-26,0,0,1
AGAACCTAGGTGCGAT-1-26,2,2,10
AGCCAATAGGTCATCT-1-26,0,1,0
AGCGATTGTTGACTAC-1-26,0,1,8
AGCGTCGAGTGAGGTC-1-26,1,4,11
AGGAATACACACAGAG-1-26,0,0,1
AGGTCATTCGTTCAGA-1-26,1,5,4
AGTAACCGTGATTAGA-1-26,0,1,0
AGTGATCTCGCACGGT-1-26,0,1,0
ATAGACCCACGACGAA-1-26,1,4,5
ATAGGCTTCCGTCACT-1-26,0,1,0
ATTCAGGCAGAGTGTG-1-26,0,0,1
CAAAGAATCGCTTGCT-1-26,0,0,1
CAACAGTCATATTCGG-1-26,2,2,10
CAACCAAGTATCATGC-1-26,0,0,1
CAAGAGGAGAACGCGT-1-26,1,5,4
CACGGGTCAAATCCCA-1-26,1,4,5
CACTGAATCTCTGCTG-1-26,0,0,1
CAGATCACAGCTACCG-1-26,1,5,4
CAGTGCGGTTCGTACA-1-26,1,5,4
CATCCGTCACTGAATC-1-26,0,0,1
CCGCAAGGTATCAGGG-1-26,1,4,5
CCTTTGGGTCTAGTGT-1-26,1,4,5
CGAATTGCAGCTGTCG-1-26,0,0,1
CGAGTGCCAGCCGTTG-1-26,1,4,10
CGGAATTGTTTGTTGG-1-26,1,5,4
CGTTGGGCAGACACAG-1-26,2,2,2
CTAACTTCAATTAGGA-1-26,1,5,4
CTAAGTGTCGCAAGAG-1-26,0,1,0
CTACCTGCAGGACTTT-1-26,1,0,6
CTACCTGCATACGCAT-1-26,2,2,2
CTTCGGTTCTGGAAGG-1-26,1,4,5
GAATCACAGACACACG-1-26,1,4,5
GACGCTGTCAAGCTTG-1-26,1,5,4
GACTTCCAGCTGAAGC-1-26,6,10,14
GCAGTTAAGTACCATC-1-26,1,4,10
GCTACCTCAACTTCTT-1-26,0,1,0
GGAGCAAGTCCGCAGT-1-26,0,1,0
GGGAGATAGCGCCTTG-1-26,1,5,4
GGGCTACAGTACTCGT-1-26,4,7,9
GGGTATTCAGCAGTAG-1-26,2,2,2
GGGTCTGAGTCGCGAA-1-26,1,5,4
GGGTGTCTCCATGAGT-1-26,2,2,2
GTAATCGGTGGCTGCT-1-26,0,1,0
GTAGAAACAGCTTTGA-1-26,2,2,2
GTCACTCGTTTACGTG-1-26,0,0,1
GTCCACTTCTAAGAAG-1-26,1,4,5
GTCGTAAGTGTTAACC-1-26,0,1,0
GTGCGTGGTGTTCGAT-1-26,0,1,0
GTGGAAGGTCCCAAAT-1-26,0,0,1
GTGGGAAAGGCCGCTT-1-26,1,4,5
GTGTGATCAACCGCCA-1-26,1,4,10
GTTGTAGAGGCACTAG-1-26,0,1,0
GTTGTCCCAACCGACC-1-26,0,1,0
GTTTACTTCAAACCTG-1-26,0,0,1
TAAGCCAAGTATCCTG-1-26,1,4,5
TACCGAACAAATCAAG-1-26,1,4,5
TACTTGTTCGGAACTT-1-26,0,1,0
TAGAGTCTCTCTATAC-1-26,2,2,10
TAGGGTTAGAGAGCCT-1-26,0,1,0
TATCTTGGTTTGAAAG-1-26,1,0,6
TATGTTCAGGCTCACC-1-26,2,2,2
TATTCCAAGCCTCTGG-1-26,1,4,5
TCACATTTCACCCTCA-1-26,0,0,1
TCATGAGTCGTTAGAC-1-26,1,0,6
TCATGTTAGTCTCTGA-1-26,0,1,0
TCATTTGAGGGCAGAG-1-26,2,2,2
TCGGGACCATTCGGGC-1-26,0,0,1
TCGGGCACATACCGTA-1-26,0,0,1
TCGGGTGCAGGACGAT-1-26,0,1,0
TCGGTCTTCCCAGTGG-1-26,0,1,0
TCTCAGCAGGAGAATG-1-26,0,0,1
TGAACGTTCTAATTCC-1-26,1,4,5
TGCTTCGAGGTCGAGT-1-26,1,5,4
TGGAGAGTCCTTCAGC-1-26,0,1,0
TGGGAGAGTCGCAGTC-1-26,2,2,2
TGGGCGTAGTTTGAGA-1-26,1,4,5
TGTGTGAGTGGTTTGT-1-26,1,4,10
TGTTGAGTCCGTGTGG-1-26,5,8,8
TTACGCCCACTCACTC-1-26,0,0,1
TTACGTTTCCTTATCA-1-26,0,1,0
TTCACCGGTCTCTCTG-1-26,1,4,10
TTCCGTGCACGGCGTT-1-26,2,2,2
TTCCGTGCAGACACCC-1-26,1,4,5
TTCTAGTGTGGGCTCT-1-26,0,1,0
TTGAACGGTATCTCGA-1-26,5,8,8
TTGGTTTCATAGTCAC-1-26,1,0,6
TTTACGTTCTGGGATT-1-26,0,0,1
ACCCAAACACACCGCA-1-27,3,3,3
ACCTACCAGAAATTGC-1-27,3,3,3
ACTGCAATCTTCTCAA-1-27,1,0,6
ACTTTCAAGGATACCG-1-27,3,3,3
AGGTCATCACAGTGAG-1-27,3,3,3
ATCCGTCAGTTGCGCC-1-27,2,6,7
ATGCATGAGTCTTCGA-1-27,2,2,2
ATTCACTTCGGCGATC-1-27,3,3,3
ATTCCCGAGCCTAGGA-1-27,3,3,3
ATTGGGTTCCCATTTA-1-27,3,3,3
ATTTCTGAGTAACGTA-1-27,0,1,0
CAACCTCCACGGTGTC-1-27,2,6,7
CAATTTCCACCCTTAC-1-27,3,3,3
CACCGTTGTGAACTAA-1-27,3,3,3
CAGATCAAGACCACGA-1-27,3,3,3
CAGATTGCAATTCACG-1-27,4,7,9
CAGCAATGTTTCGCTC-1-27,3,3,3
CAGCGTGCAGACAATA-1-27,4,6,12
CAGGCCATCGAGTGGA-1-27,4,7,9
CATACCCCAACACGTT-1-27,3,3,12
CATCCGTGTAAGGTCG-1-27,2,6,7
CATCGCTGTCGTATGT-1-27,3,3,3
CATCGGGGTCGTGTTA-1-27,3,2,2
CCACTTGCAACAGTGG-1-27,2,6,7
CCGTGAGCAGAGGTTG-1-27,3,3,3
CGTCAAACAGACACCC-1-27,2,2,2
CGTCAAATCCAGTTCC-1-27,2,6,7
CTCAATTCAGTTTGGT-1-27,3,3,3
CTCCACAAGAACTTCC-1-27,2,6,7
CTCTGGTCACCACATA-1-27,4,7,9
CTGATCCTCAGGTAAA-1-27,3,3,3
CTTAGGAAGCCTATTG-1-27,4,7,9
CTTAGGACAGTAGATA-1-27,3,3,3
CTTCAATCAAACGAGC-1-27,0,0,1
GAATCGTAGAGGGTAA-1-27,3,3,3
GACCAATCAGCTACTA-1-27,4,7,9
GACCGTGAGGAGAGTA-1-27,2,6,7
GACTCTCCATGCAGGA-1-27,3,3,3
GCATCGGGTACCCACG-1-27,0,1,0
GCATGATCACTAAACC-1-27,2,2,7
GCATGATTCGACCACG-1-27,2,2,2
GCGAGAAGTGAGGAAA-1-27,3,3,3
GCTTCACAGATAGCTA-1-27,3,3,3
GGTGGCTAGAGATGCC-1-27,3,3,3
GTAACCATCCACGTGG-1-27,3,3,3
GTAGAGGGTGCTTATG-1-27,3,3,3
GTCCACTAGCGGACAT-1-27,3,3,3
GTGAGTTCAGCTCTGG-1-27,3,3,3
GTTCGCTGTCTTTCTA-1-27,3,3,3
GTTCTATCAATCGTCA-1-27,3,3,3
GTTGCTCCAGTGAGCA-1-27,3,3,3
TACTGCCTCCACGGAC-1-27,3,3,3
TCAGGTATCTCCAAGA-1-27,3,3,3
TCCTCTTAGTTCGCAT-1-27,3,3,3
TCTCCGAAGCTGAAGC-1-27,0,0,6
TGCAGATCATCCTAAG-1-27,3,3,3
TGCGGGTAGAGGATGA-1-27,4,7,9
TGGGAGAGTCATTGCA-1-27,3,3,3
TGTCCTGGTATGGTAA-1-27,2,6,7
TGTGCGGTCAGGTAAA-1-27,2,6,7
TGTTCCGGTGTAAATG-1-27,3,3,3
TGTTTGTTCCGCCTAT-1-27,3,3,3
TTCCAATGTCAAGTTC-1-27,3,3,12
TTGACCCTCATTCACT-1-27,2,6,7
AAGGTAAAGTCGAAGC-1-28,2,2,2
AATCGTGGTCTCGCGA-1-28,5,8,8
AATCGTGTCCTAGCGG-1-28,0,1,0
ACACTGAGTTCCATTT-1-28,0,1,0
ACAGAAATCGACATTG-1-28,3,3,3
ACTACGAAGGTCGTAG-1-28,1,0,6
ACTGCAAGTGTGCCTG-1-28,0,1,0
AGGAATACAGTCGTTA-1-28,0,0,1
AGGATCTAGATGATTG-1-28,2,2,2
AGGGAGTGTAGTTACC-1-28,2,2,10
AGTCATGTCTCTCAAT-1-28,1,0,6
AGTGACTAGAGCAAGA-1-28,0,9,13
ATCGTCCTCAACCGAT-1-28,2,2,2
CAAAGAATCGTGCTCT-1-28,5,8,8
CAAGCTAGTAACCCTA-1-28,2,2,2
CACATGACACCCTAGG-1-28,1,4,5
CACTGTCCAGCGAACA-1-28,0,1,0
CAGCCAGCAGCTCATA-1-28,0,1,0
CATGGTACAAGCTGTT-1-28,2,2,2
CCAATTTTCTGGGATT-1-28,0,1,0
CCCATTGAGGTTTACC-1-28,1,4,5
CCCGGAAGTCAAGTTC-1-28,3,3,3
CCGTAGGGTACGCGTC-1-28,1,5,4
CCTTTGGGTGTTTCTT-1-28,0,0,1
CGACAGCTCAACACCA-1-28,0,1,0
CGGAGAACACGCTATA-1-28,0,9,13
CGTTGGGCAAGAATGT-1-28,0,0,1
CTAACTTCAAGTGTCT-1-28,2,2,2
CTCACTGGTATGTCTG-1-28,2,2,2
CTGGACGGTAGACTGG-1-28,1,0,6
GACCGTGGTCTCTCTG-1-28,2,2,2
GACTGATGTCGACTGC-1-28,2,2,2
GAGAGGTAGTAGTCAA-1-28,3,3,3
GATGTTGTCACCTGTC-1-28,1,0,6
GATTTCTCAGGGAGAG-1-28,0,1,0
GGGACCTCAGCGACCT-1-28,1,5,4
GGGACCTGTGTTACAC-1-28,3,3,3
GGGTGTCAGCATGAAT-1-28,1,4,5
GTAACCAGTGACCTGC-1-28,2,2,2
GTAATCGCATCCGGCA-1-28,0,1,0
GTCATGACAATACCTG-1-28,0,1,0
GTCATGAGTGACACGA-1-28,3,3,3
TAATTCCGTGAGCAGT-1-28,1,4,10
TACGGTATCTCCAAGA-1-28,1,5,4
TCACTCGCAGATCCTA-1-28,0,1,0
TCATCCGCATGTTCGA-1-28,1,5,4
TCATGAGAGACCTGGA-1-28,1,4,5
TCTGTCGCAGCTATAC-1-28,0,1,0
TGACAGTCACGCTGTG-1-28,1,0,6
TGACGCGGTGCGTCGT-1-28,0,1,0
TGTCCCAGTATTCCTT-1-28,0,0,1
TTCAATCGTTCCAGGC-1-28,1,5,4
TTCCGTGAGCGACATG-1-28,0,0,1
TTGCATTTCGCTTAAG-1-28,2,2,2
TTTAGTCCAGTCTGGC-1-28,3,3,3
AACAGGGCACATGAAA-1-29,0,0,1
AACAGGGCAGACCTGC-1-29,1,4,10
AACTTCTAGAAGCTCG-1-29,0,0,1
AAGCCATCATGGCCCA-1-29,1,4,11
AAGTCGTAGATGTTGA-1-29,2,2,2
AATGACCCAAATGAGT-1-29,1,5,4
ACACTGAAGAGTTGAT-1-29,1,4,5
AGAGCAGGTGTGTGGA-1-29,1,5,4
AGATCGTTCCCGGTAG-1-29,0,1,0
AGCGATTGTCTGCGCA-1-29,6,10,14
AGCTACACAGGTGACA-1-29,0,1,8
AGCTACATCTCCTGTG-1-29,0,1,0
AGCTCAACAATTGCGT-1-29,1,4,5
AGGGTCCAGCCGATCC-1-29,2,2,2
AGTGACTGTTATCTTC-1-29,1,4,11
AGTGACTTCCACGAAT-1-29,0,1,0
AGTGATCTCGTGTCAA-1-29,2,2,2
AGTTAGCCAAAGAACT-1-29,0,0,1
ATATCCTTCGATGCTA-1-29,0,1,0
ATCACTTAGTACTGTC-1-29,2,2,2
ATCCATTAGCTGACTT-1-29,1,4,5
ATCCATTCACTTGAGT-1-29,1,4,5
ATCCCTGGTCTGCATA-1-29,0,1,0
ATCGTGAGTGCTCTCT-1-29,1,4,5
ATGCGATAGAGCATAT-1-29,0,1,0
ATGGTTGGTCTGTGAT-1-29,0,1,0
ATTGTTCGTCTACGTA-1-29,1,4,10
ATTTCACAGCAGCGAT-1-29,0,0,1
CACACAATCTTCTAAC-1-29,0,1,0
CACAGATAGGTAAGAG-1-29,2,2,2
CACTGGGTCTGATTCT-1-29,0,0,8
CATGGATGTTTGAACC-1-29,1,4,10
CATTGCCAGACTGTTC-1-29,1,4,5
CCACAAAGTATCGCAT-1-29,2,2,2
CCACAAATCTTGATTC-1-29,1,5,4
CCACACTAGTCAGAGC-1-29,2,2,2
CCGATGGTCTAGTGTG-1-29,0,1,0
CCGGGTAAGATGCCGA-1-29,1,5,4
CGCGTGACAACTGCTA-1-29,5,8,8
CGTTCTGCAACCGCTG-1-29,0,0,1
CGTTCTGTCGCAGTTA-1-29,0,0,1
CTACATTGTAACCCGC-1-29,0,1,8
CTCAACCCACTTGAGT-1-29,1,4,5
CTCATGCTCGGTTGTA-1-29,1,0,6
CTGAGCGCAGAGCCCT-1-29,2,2,10
GAACACTCATACAGGG-1-29,1,4,10
GAACGTTGTGCGACAA-1-29,1,4,11
GACCAATAGGCCTGCT-1-29,2,2,2
GACGTTAGTACAGTAA-1-29,0,1,0
GACTCAAGTTCAGTAC-1-29,5,8,8
GAGTTTGTCGTTCTGC-1-29,1,5,4
GATCACACAAGTGGTG-1-29,2,2,2
GATCAGTTCCGCACTT-1-29,0,9,13
GATGACTTCTCCTACG-1-29,1,4,5
GATGGAGGTGCTTATG-1-29,1,4,5
GCAGCTGTCCGACAGC-1-29,0,0,1
GCCAGCAAGCCTGTGC-1-29,1,5,4
GCCATTCGTCTCTCAC-1-29,1,0,6
GGAGCAATCTGCTAGA-1-29,1,5,4
GGGCTACGTGGAACCA-1-29,0,9,13
GGGTCTGAGAAATTGC-1-29,1,0,6
GGTTCTCAGCCTCAAT-1-29,1,5,4
GTATTTCGTCGCCACA-1-29,1,4,11
GTCCTCAGTGAGTCAG-1-29,1,4,5
GTTTACTTCGACGAGA-1-29,0,1,0
GTTTGGACAGTTCACA-1-29,0,0,1
TACCGAATCTTGCAAG-1-29,1,4,10
TACCTGCAGAGGGTCT-1-29,4,7,9
TACGGGCCAGTCAGAG-1-29,0,0,1
TATACCTAGAGCTGCA-1-29,1,4,11
TCACGGGAGCATTTGC-1-29,0,1,0
TCACTCGCAGTGGCTC-1-29,0,0,1
TCATTACCATCATCCC-1-29,4,7,9
TCGAACACAAAGGTTA-1-29,1,4,10
TCGGTCTTCCCGAGAC-1-29,4,7,9
TCGTGGGAGAGCAGCT-1-29,1,5,4
TCTCACGGTGAGATAT-1-29,0,0,1
TGAATCGTCTCCGAGG-1-29,1,5,5
TGAGGTTCAGGTTCGC-1-29,1,4,11
TGATGGTAGTTAGTAG-1-29,0,0,1
TGATTTCGTAAGGCTG-1-29,1,5,4
TGGAGAGGTCACGCTG-1-29,1,5,4
TGGGAGACACACCGCA-1-29,1,5,4
TGGGATTCATAACAGA-1-29,0,1,0
TGGGTTATCGCTGACG-1-29,5,8,8
TGTAAGCAGGTTAGTA-1-29,0,0,1
TGTCCCACACAAGTTC-1-29,0,0,1
TGTGGCGGTTTCGATG-1-29,0,0,1
TTACGCCTCAGAACCT-1-29,1,0,6
TTCCACGCAGGCATGA-1-29,1,4,10
TTCGCTGCAGCAAGAC-1-29,4,7,9
TTCTTGAAGGAACATT-1-29,0,0,1
TTGCTGCGTAACACGG-1-29,0,1,0
TTGTTTGTCGATGCTA-1-29,0,1,0
TTTATGCCACGTTCGG-1-29,2,2,2
AAAGAACCACGGGCTT-1-30,1,5,4
AACACACAGTATAGGT-1-30,5,8,8
AACAGGGCAAGTGGTG-1-30,0,0,1
AACGTCATCCTACGAA-1-30,0,0,1
AAGCCATCACTCTCGT-1-30,2,2,2
AAGGTAACATGCCGCA-1-30,0,0,1
AAGTTCGAGACGCCAA-1-30,2,2,2
AATCGTGAGGATATAC-1-30,1,5,4
AATTCCTAGGCTCTCG-1-30,0,0,1
ACAACCAAGCTGACAG-1-30,0,1,0
ACCCTCATCATTGGTG-1-30,0,1,0
ACCTGTCGTCTTACTT-1-30,1,4,5
ACGGGTCAGGGCCTCT-1-30,1,5,4
ACGTCCTCAATGGGTG-1-30,0,1,0
ACGTCCTCACACGGTC-1-30,0,1,0
ACTATTCAGTTCATGC-1-30,2,2,2
AGAACAATCGTTCATT-1-30,0,1,0
AGACTCATCAACACGT-1-30,0,0,1
AGAGAATGTGTGGTCC-1-30,2,2,2
AGATGAAAGCACTCGC-1-30,1,5,4
AGATGCTGTAAGCTCT-1-30,2,2,2
AGCGCTGTCTAGATCG-1-30,0,1,0
AGCGTCGGTTATCTTC-1-30,3,3,3
AGGACGACAGTCGGTC-1-30,0,1,0
AGGACGAGTTTGTTCT-1-30,0,1,8
AGGATCTAGGCAGGTT-1-30,0,1,0
AGGCCACTCGACGCTG-1-30,2,2,10
AGTCAACTCTGAGTCA-1-30,1,5,4
AGTCATGGTTCGGCTG-1-30,1,4,5
AGTGTTGAGGTCATTC-1-30,1,4,10
AGTTCGACAGGTCCGT-1-30,0,0,1
ATAGAGAGTGCAACAG-1-30,4,7,9
ATCCATTTCCCTGGTT-1-30,1,0,6
ATCCATTTCCGGACGT-1-30,1,4,5
ATCGCCTCAATTGAGA-1-30,1,4,10
ATCGGATAGCCGGAAT-1-30,3,3,3
ATCTCTACAACCCTAA-1-30,0,1,0
ATGTCTTAGTATTCCG-1-30,0,0,8
ATGTCTTGTTCCGCAG-1-30,2,2,2
ATTCACTGTTCGCGTG-1-30,2,2,2
ATTCAGGCAAGAAATC-1-30,0,9,13
ATTCCTAGTTATGTCG-1-30,2,2,2
CAACAACAGCTGACCC-1-30,2,2,2
CAACAGTTCCTAGCTC-1-30,0,1,8
CAAGACTTCGCGAAGA-1-30,0,1,0
CAAGCTAAGATCACTC-1-30,0,0,1
CAAGGGATCTGGTGGC-1-30,0,1,0
CAATCGATCTTTGCGC-1-30,4,7,9
CAATTTCCATGTGTCA-1-30,2,2,2
CACATGACAATCGCCG-1-30,0,1,0
CACTAAGTCTTCCAGC-1-30,2,2,10
CAGCAATTCTGCGGAC-1-30,1,0,6
CAGCGTGCAGCAGTAG-1-30,1,5,4
CAGGGCTCACAAAGCG-1-30,1,0,6
CATCCCAAGCCACAAG-1-30,1,5,4
CATCGTCCAGAACCGA-1-30,2,2,2
CATCGTCCAGACACCC-1-30,0,1,8
CATGGATGTACCAATC-1-30,0,1,0
CATTCATTCGCTCATC-1-30,2,2,2
CATTGAGCAACCGCCA-1-30,3,3,3
CCAATTTAGCGACCCT-1-30,1,5,4
CCACCATTCGGTAGGA-1-30,1,4,11
CCCGGAACAATCGAAA-1-30,5,8,8
CCGATCTTCCATCCGT-1-30,2,2,10
CCGTTCACATCGTCCT-1-30,2,2,2
CCTAACCGTCACAATC-1-30,1,4,5
CCTCTAGGTCACCGAC-1-30,1,4,10
CGAATTGGTAGAATGT-1-30,0,1,0
CGGGTCAAGGTCCAGA-1-30,5,8,8
CGTCCATTCCCTCGAT-1-30,0,1,0
CGTGTCTGTGGGATTG-1-30,1,4,10
CTAACTTGTGCGCTCA-1-30,2,2,2
CTACATTTCAGCAGAG-1-30,1,4,11
CTACGGGAGACGCTCC-1-30,1,4,11
CTCCCAATCGTGGTAT-1-30,0,1,0
CTCCTCCTCTTGAACG-1-30,1,4,10
CTGCCTAAGCGGATCA-1-30,4,7,9
CTGGTCTCAGACCATT-1-30,0,1,0
CTGTCGTTCGAGCTGC-1-30,5,8,8
CTTACCGTCATTCGTT-1-30,5,8,8
CTTCTAACAGAGGTTG-1-30,1,5,4
CTTGATTAGCAACTTC-1-30,0,0,1
CTTTCAAGTTGCAACT-1-30,2,2,2
GAAGTAAAGACTCGAG-1-30,2,2,2
GAATCACGTCGCCACA-1-30,0,1,0
GACAGCCTCATCTCTA-1-30,2,2,2
GACATCACAAATCGTC-1-30,1,5,4
GAGACTTGTAGCCCTG-1-30,0,1,0
GAGGCAAGTTATGTGC-1-30,0,0,1
GATCACACAAACTCTG-1-30,2,2,2
GATGTTGAGTCGGCCT-1-30,2,2,2
GCAACCGTCGTGTCAA-1-30,3,3,3
GCATCGGAGCTGGAGT-1-30,0,1,0
GCCAACGCATGAAAGT-1-30,1,0,6
GCTGGGTAGATGCTTC-1-30,0,0,1
GGACGTCAGCCTTTCC-1-30,0,1,0
GGGACTCGTAGGCAAC-1-30,0,1,0
GGGATGATCCTAAGTG-1-30,6,10,14
GGGCTCATCAATCAGC-1-30,1,5,4
GGGTAGAGTACGGCAA-1-30,1,5,4
GGGTTATCAACACGTT-1-30,1,4,5
GGTAACTGTAACCAGG-1-30,0,1,1
GTAGTACGTCCCTCAT-1-30,0,1,0
GTATTTCAGAAATTCG-1-30,0,1,0
GTCAAGTGTTCTCACC-1-30,0,1,0
GTCAGCGGTCGTCTCT-1-30,1,4,10
GTCAGCGTCTGCGGGT-1-30,2,2,2
GTCGAATCAAATGGAT-1-30,0,0,1
GTCTCACAGTTGAAAC-1-30,1,0,6
GTGAGCCGTCCGCAGT-1-30,2,2,2
GTGCAGCGTCAACGCC-1-30,2,2,2
GTGTGATAGCTACAAA-1-30,2,2,2
GTTCTATAGCTGTCCG-1-30,5,8,8
TACAGGTGTCCGATCG-1-30,2,2,10
TACAGGTGTGATTCTG-1-30,2,2,2
TACCCGTTCCATTCAT-1-30,1,5,11
TACCGAACAACACAAA-1-30,0,1,0
TACGCTCCATGAAGCG-1-30,2,2,2
TACTGCCAGCTCGTGC-1-30,0,1,1
TAGACTGAGTGGTTCT-1-30,2,2,2
TAGAGTCGTGAGATAT-1-30,0,0,1
TCACAAGCAGCATACT-1-30,3,3,3
TCACTCGCATGGATCT-1-30,0,1,0
TCAGTGACACAAAGCG-1-30,2,2,2
TCATCATCATGTCGTA-1-30,2,2,2
TCATTACAGAGAAGGT-1-30,2,2,2
TCATTCAGTGTGTCCG-1-30,0,1,8
TCCCACAAGCGCCTAC-1-30,0,1,8
TCCCAGTAGCATGTTC-1-30,2,2,2
TCCTCTTGTAGGCAGT-1-30,0,1,0
TCGATTTTCTACGCGG-1-30,3,3,3
TCTATACGTAACTAAG-1-30,2,2,2
TCTGTCGTCCTGTAAG-1-30,2,2,2
TGACTCCGTATACCTG-1-30,5,8,8
TGAGTCAAGTGTACAA-1-30,1,4,11
TGATCTTAGGACATCG-1-30,1,5,4
TGATTCTAGTATTCCG-1-30,2,2,2
TGCTCCAAGTTGCTGT-1-30,1,4,11
TGGGCGTTCGTAATGC-1-30,0,1,0
TGTAGACTCTCCGAAA-1-30,1,5,4
TGTGGCGAGGCATGCA-1-30,1,0,6
TGTGTGATCGTGGCGT-1-30,1,0,6
TGTTCATCATACAGCT-1-30,5,8,8
TTACAGGAGTCTAACC-1-30,4,7,9
TTCAGGACATAAGATG-1-30,2,2,2
TTCGCTGGTAGAATGT-1-30,1,5,4
TTGAACGAGTGATAAC-1-30,1,8,11
TTGCCTGGTAGCCCTG-1-30,2,2,2
TTGGGCGCATGTCAGT-1-30,0,1,0
TTTCACAAGTGAGTGC-1-30,1,5,4
TTTCACACAAGACCGA-1-30,0,0,8
TTTCCTCAGCAGTAAT-1-30,1,5,4
TTTGACTTCTCTGACC-1-30,1,5,4
TTTGGAGCAGCCCAGT-1-30,2,2,2
ACTTTCAAGGATACCG-1-31,3,3,3
ATTCACTTCGGCGATC-1-31,3,3,3
CAGCAATGTTTCGCTC-1-31,3,3,3
GCTTCACAGATAGCTA-1-31,3,3,3
GGTGGCTAGAGATGCC-1-31,3,3,3
TCAGGTATCTCCAAGA-1-31,3,3,3
